"Package","LibPath","Version","Priority","Depends","Imports","LinkingTo","Suggests","Enhances","License","License_is_FOSS","License_restricts_use","OS_type","MD5sum","NeedsCompilation","Built"
"annotate","C:/Users/Usuari/AppData/Local/R/win-library/4.2","1.76.0",NA,"R (>= 2.10), AnnotationDbi (>= 1.27.5), XML","Biobase, DBI, xtable, graphics, utils, stats, methods,
BiocGenerics (>= 0.13.8), httr",NA,"hgu95av2.db, genefilter, Biostrings (>= 2.25.10), IRanges,
rae230a.db, rae230aprobe, tkWidgets, GO.db, org.Hs.eg.db,
org.Mm.eg.db, humanCHRLOC, Rgraphviz, RUnit,",NA,"Artistic-2.0",NA,NA,NA,NA,"no","4.2.1"
"AnnotationDbi","C:/Users/Usuari/AppData/Local/R/win-library/4.2","1.60.0",NA,"R (>= 2.7.0), methods, utils, stats4, BiocGenerics (>=
0.29.2), Biobase (>= 1.17.0), IRanges","DBI, RSQLite, S4Vectors (>= 0.9.25), stats, KEGGREST",NA,"hgu95av2.db, GO.db, org.Sc.sgd.db, org.At.tair.db, RUnit,
TxDb.Hsapiens.UCSC.hg19.knownGene, org.Hs.eg.db, reactome.db,
AnnotationForge, graph, EnsDb.Hsapiens.v75, BiocStyle, knitr",NA,"Artistic-2.0",NA,NA,NA,NA,"no","4.2.1"
"AnnotationForge","C:/Users/Usuari/AppData/Local/R/win-library/4.2","1.40.0",NA,"R (>= 3.5.0), methods, utils, BiocGenerics (>= 0.15.10),
Biobase (>= 1.17.0), AnnotationDbi (>= 1.33.14)","DBI, RSQLite, XML, S4Vectors, RCurl",NA,"biomaRt, httr, GenomeInfoDb (>= 1.17.1), Biostrings, affy,
hgu95av2.db, human.db0, org.Hs.eg.db, Homo.sapiens, GO.db,
markdown, BiocStyle, knitr, BiocManager, BiocFileCache",NA,"Artistic-2.0",NA,NA,NA,NA,"no","4.2.1"
"AnnotationHub","C:/Users/Usuari/AppData/Local/R/win-library/4.2","3.6.0",NA,"BiocGenerics (>= 0.15.10), BiocFileCache (>= 1.5.1)","utils, methods, grDevices, RSQLite, BiocManager, BiocVersion,
curl, rappdirs, AnnotationDbi (>= 1.31.19), S4Vectors,
interactiveDisplayBase, httr, yaml, dplyr",NA,"IRanges, GenomicRanges, GenomeInfoDb, VariantAnnotation,
Rsamtools, rtracklayer, BiocStyle, knitr, AnnotationForge,
rBiopaxParser, RUnit, GenomicFeatures, MSnbase, mzR,
Biostrings, SummarizedExperiment, ExperimentHub, gdsfmt,
rmarkdown, HubPub","AnnotationHubData","Artistic-2.0",NA,NA,NA,NA,"yes","4.2.1"
"arsenal","C:/Users/Usuari/AppData/Local/R/win-library/4.2","3.6.3",NA,"R (>= 3.4.0), stats (>= 3.4.0)","knitr (>= 1.29), utils (>= 3.4.0)",NA,"broom (>= 0.7.1), magrittr, rmarkdown, testthat, xtable,
pander, survival (>= 2.43-1), coin, pROC, MASS, splines, rpart,
yaml, geepack",NA,"GPL (>= 2)",NA,NA,NA,NA,"no","4.2.2"
"askpass","C:/Users/Usuari/AppData/Local/R/win-library/4.2","1.1",NA,NA,"sys (>= 2.1)",NA,"testthat",NA,"MIT + file LICENSE",NA,NA,NA,NA,"yes","4.2.2"
"assertthat","C:/Users/Usuari/AppData/Local/R/win-library/4.2","0.2.1",NA,NA,"tools",NA,"testthat, covr",NA,"GPL-3",NA,NA,NA,NA,"no","4.2.2"
"backports","C:/Users/Usuari/AppData/Local/R/win-library/4.2","1.4.1",NA,"R (>= 3.0.0)",NA,NA,NA,NA,"GPL-2 | GPL-3",NA,NA,NA,NA,"yes","4.2.0"
"base64enc","C:/Users/Usuari/AppData/Local/R/win-library/4.2","0.1-3",NA,"R (>= 2.9.0)",NA,NA,NA,"png","GPL-2 | GPL-3",NA,NA,NA,NA,"yes","4.2.0"
"BH","C:/Users/Usuari/AppData/Local/R/win-library/4.2","1.81.0-1",NA,NA,NA,NA,NA,NA,"BSL-1.0",NA,NA,NA,NA,"no","4.2.2"
"Biobase","C:/Users/Usuari/AppData/Local/R/win-library/4.2","2.58.0",NA,"R (>= 2.10), BiocGenerics (>= 0.27.1), utils","methods",NA,"tools, tkWidgets, ALL, RUnit, golubEsets, BiocStyle, knitr",NA,"Artistic-2.0",NA,NA,NA,NA,"yes","4.2.1"
"BiocFileCache","C:/Users/Usuari/AppData/Local/R/win-library/4.2","2.6.0",NA,"R (>= 3.4.0), dbplyr (>= 1.0.0)","methods, stats, utils, dplyr, RSQLite, DBI, rappdirs,
filelock, curl, httr",NA,"testthat, knitr, BiocStyle, rmarkdown, rtracklayer",NA,"Artistic-2.0",NA,NA,NA,NA,"no","4.2.1"
"BiocGenerics","C:/Users/Usuari/AppData/Local/R/win-library/4.2","0.44.0",NA,"R (>= 4.0.0), methods, utils, graphics, stats","methods, utils, graphics, stats",NA,"Biobase, S4Vectors, IRanges, GenomicRanges, DelayedArray,
Biostrings, Rsamtools, AnnotationDbi, affy, affyPLM, DESeq2,
flowClust, MSnbase, annotate, RUnit",NA,"Artistic-2.0",NA,NA,NA,NA,"no","4.2.1"
"BiocIO","C:/Users/Usuari/AppData/Local/R/win-library/4.2","1.8.0",NA,"R (>= 4.0)","BiocGenerics, S4Vectors, methods, tools",NA,"testthat, knitr, rmarkdown, BiocStyle",NA,"Artistic-2.0",NA,NA,NA,NA,"no","4.2.1"
"BiocManager","C:/Users/Usuari/AppData/Local/R/win-library/4.2","1.30.19",NA,NA,"utils",NA,"BiocVersion, remotes, rmarkdown, testthat, withr, curl, knitr",NA,"Artistic-2.0",NA,NA,NA,NA,"no","4.2.2"
"BiocParallel","C:/Users/Usuari/AppData/Local/R/win-library/4.2","1.32.5",NA,"methods, R (>= 3.5.0)","stats, utils, futile.logger, parallel, snow, codetools","BH, cpp11","BiocGenerics, tools, foreach, BatchJobs, BBmisc, doParallel,
Rmpi, GenomicRanges, RNAseqData.HNRNPC.bam.chr14,
TxDb.Hsapiens.UCSC.hg19.knownGene, VariantAnnotation,
Rsamtools, GenomicAlignments, ShortRead, RUnit, BiocStyle,
knitr, batchtools, data.table",NA,"GPL-2 | GPL-3",NA,NA,NA,NA,"yes","4.2.2"
"BiocVersion","C:/Users/Usuari/AppData/Local/R/win-library/4.2","3.16.0",NA,"R (>= 4.2.0)",NA,NA,NA,NA,"Artistic-2.0",NA,NA,NA,NA,"no","4.2.0"
"biomaRt","C:/Users/Usuari/AppData/Local/R/win-library/4.2","2.54.0",NA,"methods","utils, XML (>= 3.99-0.7), AnnotationDbi, progress, stringr,
httr, digest, BiocFileCache, rappdirs, xml2",NA,"BiocStyle, knitr, mockery, rmarkdown, testthat, webmockr",NA,"Artistic-2.0",NA,NA,NA,NA,"no","4.2.1"
"Biostrings","C:/Users/Usuari/AppData/Local/R/win-library/4.2","2.66.0",NA,"R (>= 4.0.0), methods, BiocGenerics (>= 0.37.0), S4Vectors (>=
0.27.12), IRanges (>= 2.31.2), XVector (>= 0.37.1),
GenomeInfoDb","methods, utils, grDevices, graphics, stats, crayon","S4Vectors, IRanges, XVector","BSgenome (>= 1.13.14), BSgenome.Celegans.UCSC.ce2 (>=
1.3.11), BSgenome.Dmelanogaster.UCSC.dm3 (>= 1.3.11),
BSgenome.Hsapiens.UCSC.hg18, drosophila2probe, hgu95av2probe,
hgu133aprobe, GenomicFeatures (>= 1.3.14), hgu95av2cdf, affy
(>= 1.41.3), affydata (>= 1.11.5), RUnit","Rmpi","Artistic-2.0",NA,NA,NA,NA,"yes","4.2.1"
"bit","C:/Users/Usuari/AppData/Local/R/win-library/4.2","4.0.5",NA,"R (>= 2.9.2)",NA,NA,"testthat (>= 0.11.0), roxygen2, knitr, rmarkdown,
microbenchmark, bit64 (>= 4.0.0), ff (>= 4.0.0)",NA,"GPL-2 | GPL-3",NA,NA,NA,NA,"yes","4.2.2"
"bit64","C:/Users/Usuari/AppData/Local/R/win-library/4.2","4.0.5",NA,"R (>= 3.0.1), bit (>= 4.0.0), utils, methods, stats",NA,NA,NA,NA,"GPL-2 | GPL-3",NA,NA,NA,NA,"yes","4.2.2"
"bitops","C:/Users/Usuari/AppData/Local/R/win-library/4.2","1.0-7",NA,NA,NA,NA,NA,NA,"GPL (>= 2)",NA,NA,NA,NA,"yes","4.2.0"
"blob","C:/Users/Usuari/AppData/Local/R/win-library/4.2","1.2.3",NA,NA,"methods, rlang, vctrs (>= 0.2.1)",NA,"covr, crayon, pillar (>= 1.2.1), testthat",NA,"MIT + file LICENSE",NA,NA,NA,NA,"no","4.2.2"
"brew","C:/Users/Usuari/AppData/Local/R/win-library/4.2","1.0-8",NA,NA,NA,NA,"testthat (>= 3.0.0)",NA,"GPL-2",NA,NA,NA,NA,"no","4.2.2"
"brio","C:/Users/Usuari/AppData/Local/R/win-library/4.2","1.1.3",NA,NA,NA,NA,"covr, testthat (>= 2.1.0)",NA,"MIT + file LICENSE",NA,NA,NA,NA,"yes","4.2.2"
"broom","C:/Users/Usuari/AppData/Local/R/win-library/4.2","1.0.3",NA,"R (>= 3.1)","backports, dplyr (>= 1.0.0), ellipsis, generics (>= 0.0.2),
glue, purrr, rlang, stringr, tibble (>= 3.0.0), tidyr (>=
1.0.0)",NA,"AER, AUC, bbmle, betareg, biglm, binGroup, boot, btergm (>=
1.10.6), car, carData, caret, cluster, cmprsk, coda, covr, drc,
e1071, emmeans, epiR, ergm (>= 3.10.4), fixest (>= 0.9.0), gam
(>= 1.15), gee, geepack, ggplot2, glmnet, glmnetUtils, gmm,
Hmisc, irlba, interp, joineRML, Kendall, knitr, ks, Lahman,
lavaan, leaps, lfe, lm.beta, lme4, lmodel2, lmtest (>= 0.9.38),
lsmeans, maps, maptools, margins, MASS, mclust, mediation,
metafor, mfx, mgcv, mlogit, modeldata, modeltests, muhaz,
multcomp, network, nnet, orcutt (>= 2.2), ordinal, plm, poLCA,
psych, quantreg, rgeos, rmarkdown, robust, robustbase, rsample,
sandwich, sp, spdep (>= 1.1), spatialreg, speedglm, spelling,
survey, survival, systemfit, testthat (>= 2.1.0), tseries,
vars, zoo",NA,"MIT + file LICENSE",NA,NA,NA,NA,"no","4.2.2"
"BSgenome","C:/Users/Usuari/AppData/Local/R/win-library/4.2","1.66.2",NA,"R (>= 2.8.0), methods, BiocGenerics (>= 0.13.8), S4Vectors (>=
0.17.28), IRanges (>= 2.13.16), GenomeInfoDb (>= 1.25.6),
GenomicRanges (>= 1.31.10), Biostrings (>= 2.47.6), rtracklayer
(>= 1.39.7)","methods, utils, stats, matrixStats, BiocGenerics, S4Vectors,
IRanges, XVector (>= 0.29.3), GenomeInfoDb, GenomicRanges,
Biostrings, Rsamtools, rtracklayer",NA,"BiocManager, Biobase, BSgenome.Celegans.UCSC.ce2,
BSgenome.Hsapiens.UCSC.hg38,
BSgenome.Hsapiens.UCSC.hg38.masked,
BSgenome.Mmusculus.UCSC.mm10, BSgenome.Rnorvegicus.UCSC.rn5,
BSgenome.Scerevisiae.UCSC.sacCer1,
BSgenome.Hsapiens.NCBI.GRCh38,
TxDb.Hsapiens.UCSC.hg38.knownGene,
TxDb.Mmusculus.UCSC.mm10.knownGene,
SNPlocs.Hsapiens.dbSNP144.GRCh38,
XtraSNPlocs.Hsapiens.dbSNP144.GRCh38, hgu95av2probe, RUnit",NA,"Artistic-2.0",NA,NA,NA,NA,"no","4.2.2"
"bslib","C:/Users/Usuari/AppData/Local/R/win-library/4.2","0.4.2",NA,"R (>= 2.10)","grDevices, htmltools (>= 0.5.4), jsonlite, sass (>= 0.4.0),
jquerylib (>= 0.1.3), rlang, cachem, memoise (>= 2.0.1),
base64enc, mime",NA,"shiny (>= 1.6.0), rmarkdown (>= 2.7), thematic, knitr,
testthat, withr, rappdirs, curl, magrittr, fontawesome, bsicons",NA,"MIT + file LICENSE",NA,NA,NA,NA,"no","4.2.2"
"cachem","C:/Users/Usuari/AppData/Local/R/win-library/4.2","1.0.6",NA,NA,"rlang, fastmap",NA,"testthat",NA,"MIT + file LICENSE",NA,NA,NA,NA,"yes","4.2.2"
"callr","C:/Users/Usuari/AppData/Local/R/win-library/4.2","3.7.3",NA,"R (>= 3.4)","processx (>= 3.6.1), R6, utils",NA,"asciicast, cli (>= 1.1.0), covr, mockery, ps, rprojroot,
spelling, testthat (>= 3.0.0), withr (>= 2.3.0)",NA,"MIT + file LICENSE",NA,NA,NA,NA,"no","4.2.2"
"Category","C:/Users/Usuari/AppData/Local/R/win-library/4.2","2.64.0",NA,"methods, stats4, BiocGenerics, AnnotationDbi, Biobase, Matrix","utils, stats, graph, RBGL, GSEABase, genefilter, annotate, DBI",NA,"EBarrays, ALL, Rgraphviz, RColorBrewer, xtable (>= 1.4-6),
hgu95av2.db, KEGGREST, karyoploteR, geneplotter, limma,
lattice, RUnit, org.Sc.sgd.db, GOstats, GO.db",NA,"Artistic-2.0",NA,NA,NA,NA,"no","4.2.1"
"cellranger","C:/Users/Usuari/AppData/Local/R/win-library/4.2","1.1.0",NA,"R (>= 3.0.0)","rematch, tibble",NA,"covr, testthat (>= 1.0.0), knitr, rmarkdown",NA,"MIT + file LICENSE",NA,NA,NA,NA,"no","4.2.2"
"checkmate","C:/Users/Usuari/AppData/Local/R/win-library/4.2","2.1.0",NA,"R (>= 3.0.0)","backports (>= 1.1.0), utils",NA,"R6, fastmatch, data.table (>= 1.9.8), devtools, ggplot2,
knitr, magrittr, microbenchmark, rmarkdown, testthat (>=
3.0.4), tinytest (>= 1.1.0), tibble",NA,"BSD_3_clause + file LICENSE",NA,NA,NA,NA,"yes","4.2.2"
"cli","C:/Users/Usuari/AppData/Local/R/win-library/4.2","3.6.0",NA,"R (>= 3.4)","utils",NA,"callr, covr, crayon, digest, glue (>= 1.6.0), grDevices,
htmltools, htmlwidgets, knitr, methods, mockery, processx, ps
(>= 1.3.4.9000), rlang (>= 1.0.2.9003), rmarkdown, rprojroot,
rstudioapi, testthat, tibble, whoami, withr",NA,"MIT + file LICENSE",NA,NA,NA,NA,"yes","4.2.2"
"clipr","C:/Users/Usuari/AppData/Local/R/win-library/4.2","0.8.0",NA,NA,"utils",NA,"covr, knitr, rmarkdown, rstudioapi (>= 0.5), testthat (>=
2.0.0)",NA,"GPL-3",NA,NA,NA,NA,"no","4.2.2"
"colorspace","C:/Users/Usuari/AppData/Local/R/win-library/4.2","2.0-3",NA,"R (>= 3.0.0), methods","graphics, grDevices, stats",NA,"datasets, utils, KernSmooth, MASS, kernlab, mvtnorm, vcd,
tcltk, shiny, shinyjs, ggplot2, dplyr, scales, grid, png, jpeg,
knitr, rmarkdown, RColorBrewer, rcartocolor, scico, viridis,
wesanderson",NA,"BSD_3_clause + file LICENSE",NA,NA,NA,NA,"yes","4.2.2"
"commonmark","C:/Users/Usuari/AppData/Local/R/win-library/4.2","1.8.1",NA,NA,NA,NA,"curl, testthat, xml2",NA,"BSD_2_clause + file LICENSE",NA,NA,NA,NA,"yes","4.2.2"
"cpp11","C:/Users/Usuari/AppData/Local/R/win-library/4.2","0.4.3",NA,NA,NA,NA,"bench, brio, callr, cli, covr, decor, desc, ggplot2, glue,
knitr, lobstr, mockery, progress, rmarkdown, scales, Rcpp,
testthat, tibble, utils, vctrs, withr",NA,"MIT + file LICENSE",NA,NA,NA,NA,"no","4.2.2"
"cqn","C:/Users/Usuari/AppData/Local/R/win-library/4.2","1.44.0",NA,"R (>= 2.10.0), mclust, nor1mix, stats, preprocessCore,
splines, quantreg","splines",NA,"scales, edgeR",NA,"Artistic-2.0",NA,NA,NA,NA,"no","4.2.1"
"crayon","C:/Users/Usuari/AppData/Local/R/win-library/4.2","1.5.2",NA,NA,"grDevices, methods, utils",NA,"mockery, rstudioapi, testthat, withr",NA,"MIT + file LICENSE",NA,NA,NA,NA,"no","4.2.2"
"credentials","C:/Users/Usuari/AppData/Local/R/win-library/4.2","1.3.2",NA,NA,"openssl (>= 1.3), sys (>= 2.1), curl, jsonlite, askpass",NA,"testthat, knitr, rmarkdown",NA,"MIT + file LICENSE",NA,NA,NA,NA,"no","4.2.2"
"crosstalk","C:/Users/Usuari/AppData/Local/R/win-library/4.2","1.2.0",NA,NA,"htmltools (>= 0.3.6), jsonlite, lazyeval, R6",NA,"shiny, ggplot2, testthat (>= 2.1.0), sass, bslib",NA,"MIT + file LICENSE",NA,NA,NA,NA,"no","4.2.2"
"curl","C:/Users/Usuari/AppData/Local/R/win-library/4.2","5.0.0",NA,"R (>= 3.0.0)",NA,NA,"spelling, testthat (>= 1.0.0), knitr, jsonlite, rmarkdown,
magrittr, httpuv (>= 1.4.4), webutils",NA,"MIT + file LICENSE",NA,NA,NA,NA,"yes","4.2.2"
"data.table","C:/Users/Usuari/AppData/Local/R/win-library/4.2","1.14.6",NA,"R (>= 3.1.0)","methods",NA,"bit64 (>= 4.0.0), bit (>= 4.0.4), curl, R.utils, xts,
nanotime, zoo (>= 1.8-1), yaml, knitr, rmarkdown",NA,"MPL-2.0 | file LICENSE",NA,NA,NA,NA,"yes","4.2.2"
"DBI","C:/Users/Usuari/AppData/Local/R/win-library/4.2","1.1.3",NA,"methods, R (>= 3.0.0)",NA,NA,"blob, covr, DBItest, dbplyr, downlit, dplyr, glue, hms,
knitr, magrittr, RMariaDB, rmarkdown, rprojroot, RSQLite (>=
1.1-2), testthat, xml2",NA,"LGPL (>= 2.1)",NA,NA,NA,NA,"no","4.2.2"
"dbplyr","C:/Users/Usuari/AppData/Local/R/win-library/4.2","2.3.0",NA,"R (>= 3.1)","assertthat (>= 0.2.0), blob (>= 1.2.0), cli (>= 3.4.1), DBI
(>= 1.0.0), dplyr (>= 1.0.10), glue (>= 1.2.0), lifecycle (>=
1.0.3), magrittr, methods, pillar (>= 1.5.0), purrr (>= 1.0.1),
R6 (>= 2.2.2), rlang (>= 1.0.6), tibble (>= 1.4.2), tidyselect
(>= 1.2.0), utils, vctrs (>= 0.5.0), withr",NA,"bit64, covr, knitr, Lahman, nycflights13, odbc, RMariaDB (>=
1.0.2), rmarkdown, RPostgres (>= 1.1.3), RPostgreSQL, RSQLite
(>= 2.1.0), testthat (>= 3.0.2), tidyr (>= 1.2.0)",NA,"MIT + file LICENSE",NA,NA,NA,NA,"no","4.2.2"
"DelayedArray","C:/Users/Usuari/AppData/Local/R/win-library/4.2","0.23.2",NA,"R (>= 4.0.0), methods, stats4, Matrix, BiocGenerics (>=
0.43.4), MatrixGenerics (>= 1.1.3), S4Vectors (>= 0.27.2),
IRanges (>= 2.17.3)","stats","S4Vectors","BiocParallel, HDF5Array (>= 1.17.12), genefilter,
SummarizedExperiment, airway, lobstr, DelayedMatrixStats,
knitr, rmarkdown, BiocStyle, RUnit",NA,"Artistic-2.0",NA,NA,NA,NA,"yes","4.2.1"
"deldir","C:/Users/Usuari/AppData/Local/R/win-library/4.2","1.0-6",NA,"R (>= 3.5.0)","graphics, grDevices",NA,"polyclip",NA,"GPL (>= 2)",NA,NA,NA,NA,"yes","4.2.1"
"desc","C:/Users/Usuari/AppData/Local/R/win-library/4.2","1.4.2",NA,"R (>= 3.4)","cli, R6, rprojroot, utils",NA,"callr, covr, gh, spelling, testthat, whoami, withr",NA,"MIT + file LICENSE",NA,NA,NA,NA,"no","4.2.2"
"DESeq2","C:/Users/Usuari/AppData/Local/R/win-library/4.2","1.38.3",NA,"S4Vectors (>= 0.23.18), IRanges, GenomicRanges,
SummarizedExperiment (>= 1.1.6)","BiocGenerics (>= 0.7.5), Biobase, BiocParallel, matrixStats,
methods, stats4, locfit, geneplotter, ggplot2, Rcpp (>= 0.11.0)","Rcpp, RcppArmadillo","testthat, knitr, rmarkdown, vsn, pheatmap, RColorBrewer,
apeglm, ashr, tximport, tximeta, tximportData, readr, pbapply,
airway, pasilla (>= 0.2.10), glmGamPoi, BiocManager",NA,"LGPL (>= 3)",NA,NA,NA,NA,"yes","4.2.2"
"devtools","C:/Users/Usuari/AppData/Local/R/win-library/4.2","2.4.5",NA,"R (>= 3.0.2), usethis (>= 2.1.6)","cli (>= 3.3.0), desc (>= 1.4.1), ellipsis (>= 0.3.2), fs (>=
1.5.2), lifecycle (>= 1.0.1), memoise (>= 2.0.1), miniUI (>=
0.1.1.1), pkgbuild (>= 1.3.1), pkgdown (>= 2.0.6), pkgload (>=
1.3.0), profvis (>= 0.3.7), rcmdcheck (>= 1.4.0), remotes (>=
2.4.2), rlang (>= 1.0.4), roxygen2 (>= 7.2.1), rversions (>=
2.1.1), sessioninfo (>= 1.2.2), stats, testthat (>= 3.1.5),
tools, urlchecker (>= 1.0.1), utils, withr (>= 2.5.0)",NA,"BiocManager (>= 1.30.18), callr (>= 3.7.1), covr (>= 3.5.1),
curl (>= 4.3.2), digest (>= 0.6.29), DT (>= 0.23), foghorn (>=
1.4.2), gh (>= 1.3.0), gmailr (>= 1.0.1), httr (>= 1.4.3),
knitr (>= 1.39), lintr (>= 3.0.0), MASS, mockery (>= 0.4.3),
pingr (>= 2.0.1), rhub (>= 1.1.1), rmarkdown (>= 2.14),
rstudioapi (>= 0.13), spelling (>= 2.2)",NA,"MIT + file LICENSE",NA,NA,NA,NA,"no","4.2.2"
"diffobj","C:/Users/Usuari/AppData/Local/R/win-library/4.2","0.3.5",NA,"R (>= 3.1.0)","crayon (>= 1.3.2), tools, methods, utils, stats",NA,"knitr, rmarkdown",NA,"GPL-2 | GPL-3",NA,NA,NA,NA,"yes","4.2.2"
"digest","C:/Users/Usuari/AppData/Local/R/win-library/4.2","0.6.31",NA,"R (>= 3.3.0)","utils",NA,"tinytest, simplermarkdown",NA,"GPL (>= 2)",NA,NA,NA,NA,"yes","4.2.2"
"downlit","C:/Users/Usuari/AppData/Local/R/win-library/4.2","0.4.2",NA,"R (>= 3.4.0)","brio, desc, digest, evaluate, fansi, memoise, rlang, vctrs,
withr, yaml",NA,"covr, htmltools, jsonlite, MASS, MassSpecWavelet, pkgload,
rmarkdown, testthat (>= 3.0.0), xml2",NA,"MIT + file LICENSE",NA,NA,NA,NA,"no","4.2.2"
"dplyr","C:/Users/Usuari/AppData/Local/R/win-library/4.2","1.0.10",NA,"R (>= 3.4.0)","generics, glue (>= 1.3.2), lifecycle (>= 1.0.1), magrittr (>=
1.5), methods, R6, rlang (>= 1.0.2), tibble (>= 2.1.3),
tidyselect (>= 1.1.1), utils, vctrs (>= 0.4.1), pillar (>=
1.5.1)",NA,"bench, broom, callr, covr, DBI, dbplyr (>= 1.4.3), ggplot2,
knitr, Lahman, lobstr, microbenchmark, nycflights13, purrr,
rmarkdown, RMySQL, RPostgreSQL, RSQLite, testthat (>= 3.1.1),
tidyr, withr",NA,"MIT + file LICENSE",NA,NA,NA,NA,"yes","4.2.2"
"DT","C:/Users/Usuari/AppData/Local/R/win-library/4.2","0.27",NA,NA,"htmltools (>= 0.3.6), htmlwidgets (>= 1.3), jsonlite (>=
0.9.16), magrittr, crosstalk, jquerylib, promises",NA,"knitr (>= 1.8), rmarkdown, shiny (>= 1.6), bslib, future,
testit, tibble",NA,"GPL-3 | file LICENSE",NA,NA,NA,NA,"no","4.2.2"
"dtplyr","C:/Users/Usuari/AppData/Local/R/win-library/4.2","1.2.2",NA,"R (>= 3.3)","crayon, data.table (>= 1.13.0), dplyr (>= 1.0.3), ellipsis,
glue, lifecycle, rlang, tibble, tidyselect, vctrs",NA,"bench, covr, knitr, rmarkdown, testthat (>= 3.0.0), tidyr (>=
1.1.0)",NA,"MIT + file LICENSE",NA,NA,NA,NA,"no","4.2.2"
"edgeR","C:/Users/Usuari/AppData/Local/R/win-library/4.2","3.40.2",NA,"R (>= 3.6.0), limma (>= 3.41.5)","methods, graphics, stats, utils, locfit, Rcpp","Rcpp","jsonlite, readr, rhdf5, splines, Biobase, AnnotationDbi,
SummarizedExperiment, org.Hs.eg.db",NA,"GPL (>=2)",NA,NA,NA,NA,"yes","4.2.2"
"ellipsis","C:/Users/Usuari/AppData/Local/R/win-library/4.2","0.3.2",NA,"R (>= 3.2)","rlang (>= 0.3.0)",NA,"covr, testthat",NA,"MIT + file LICENSE",NA,NA,NA,NA,"yes","4.2.2"
"evaluate","C:/Users/Usuari/AppData/Local/R/win-library/4.2","0.20",NA,"R (>= 3.0.2)","methods",NA,"covr, ggplot2, lattice, testthat",NA,"MIT + file LICENSE",NA,NA,NA,NA,"no","4.2.2"
"fansi","C:/Users/Usuari/AppData/Local/R/win-library/4.2","1.0.3",NA,"R (>= 3.1.0)","grDevices, utils",NA,"unitizer, knitr, rmarkdown",NA,"GPL-2 | GPL-3",NA,NA,NA,NA,"yes","4.2.2"
"farver","C:/Users/Usuari/AppData/Local/R/win-library/4.2","2.1.1",NA,NA,NA,NA,"covr, testthat (>= 3.0.0)",NA,"MIT + file LICENSE",NA,NA,NA,NA,"yes","4.2.2"
"fastmap","C:/Users/Usuari/AppData/Local/R/win-library/4.2","1.1.0",NA,NA,NA,NA,"testthat (>= 2.1.1)",NA,"MIT + file LICENSE",NA,NA,NA,NA,"yes","4.2.2"
"filelock","C:/Users/Usuari/AppData/Local/R/win-library/4.2","1.0.2",NA,NA,NA,NA,"callr (>= 2.0.0), covr, testthat",NA,"MIT + file LICENSE",NA,NA,NA,NA,"yes","4.2.2"
"fontawesome","C:/Users/Usuari/AppData/Local/R/win-library/4.2","0.5.0",NA,"R (>= 3.3.0)","rlang (>= 1.0.6), htmltools (>= 0.5.1.1)",NA,"covr, dplyr (>= 1.0.8), knitr (>= 1.31), testthat (>= 3.0.0),
rsvg",NA,"MIT + file LICENSE",NA,NA,NA,NA,"no","4.2.2"
"forcats","C:/Users/Usuari/AppData/Local/R/win-library/4.2","1.0.0",NA,"R (>= 3.4)","cli (>= 3.4.0), glue, lifecycle, magrittr, rlang (>= 1.0.0),
tibble",NA,"covr, dplyr, ggplot2, knitr, readr, rmarkdown, testthat (>=
3.0.0), withr",NA,"MIT + file LICENSE",NA,NA,NA,NA,"no","4.2.2"
"formatR","C:/Users/Usuari/AppData/Local/R/win-library/4.2","1.14",NA,"R (>= 3.2.3)",NA,NA,"rstudioapi, shiny, testit, rmarkdown, knitr",NA,"GPL",NA,NA,NA,NA,"no","4.2.2"
"Formula","C:/Users/Usuari/AppData/Local/R/win-library/4.2","1.2-4",NA,"R (>= 2.0.0), stats",NA,NA,NA,NA,"GPL-2 | GPL-3",NA,NA,NA,NA,"no","4.2.0"
"fs","C:/Users/Usuari/AppData/Local/R/win-library/4.2","1.5.2",NA,"R (>= 3.1)","methods",NA,"testthat, covr, pillar (>= 1.0.0), tibble (>= 1.1.0), crayon,
rmarkdown, knitr, withr, spelling, vctrs (>= 0.3.0)",NA,"MIT + file LICENSE",NA,NA,NA,NA,"yes","4.2.2"
"futile.logger","C:/Users/Usuari/AppData/Local/R/win-library/4.2","1.4.3",NA,"R (>= 3.0.0)","utils, lambda.r (>= 1.1.0), futile.options",NA,"testthat, jsonlite",NA,"LGPL-3",NA,NA,NA,NA,"no","4.2.2"
"futile.options","C:/Users/Usuari/AppData/Local/R/win-library/4.2","1.0.1",NA,"R (>= 2.8.0)",NA,NA,NA,NA,"LGPL-3",NA,NA,NA,NA,"no","4.2.0"
"gargle","C:/Users/Usuari/AppData/Local/R/win-library/4.2","1.3.0",NA,"R (>= 3.5)","cli (>= 3.0.0), fs (>= 1.3.1), glue (>= 1.3.0), httr (>=
1.4.0), jsonlite, lifecycle, openssl, rappdirs, rlang (>=
1.0.0), rstudioapi, stats, utils, withr",NA,"aws.ec2metadata, aws.signature, covr, httpuv, knitr, mockr,
rmarkdown, sodium, spelling, testthat (>= 3.1.2)",NA,"MIT + file LICENSE",NA,NA,NA,NA,"no","4.2.2"
"gdsfmt","C:/Users/Usuari/AppData/Local/R/win-library/4.2","1.34.0",NA,"R (>= 2.15.0), methods",NA,NA,"parallel, digest, Matrix, crayon, RUnit, knitr, markdown,
rmarkdown, BiocGenerics",NA,"LGPL-3",NA,NA,NA,NA,"yes","4.2.1"
"genefilter","C:/Users/Usuari/AppData/Local/R/win-library/4.2","1.80.3",NA,NA,"BiocGenerics, AnnotationDbi, annotate, Biobase, graphics,
methods, stats, survival, grDevices",NA,"class, hgu95av2.db, tkWidgets, ALL, ROC, RColorBrewer,
BiocStyle, knitr",NA,"Artistic-2.0",NA,NA,NA,NA,"yes","4.2.2"
"geneplotter","C:/Users/Usuari/AppData/Local/R/win-library/4.2","1.76.0",NA,"R (>= 2.10), methods, Biobase, BiocGenerics, lattice, annotate","AnnotationDbi, graphics, grDevices, grid, RColorBrewer, stats,
utils",NA,"Rgraphviz, fibroEset, hgu95av2.db, hu6800.db, hgu133a.db",NA,"Artistic-2.0",NA,NA,NA,NA,"no","4.2.1"
"generics","C:/Users/Usuari/AppData/Local/R/win-library/4.2","0.1.3",NA,"R (>= 3.2)","methods",NA,"covr, pkgload, testthat (>= 3.0.0), tibble, withr",NA,"MIT + file LICENSE",NA,NA,NA,NA,"no","4.2.2"
"GenomeInfoDb","C:/Users/Usuari/AppData/Local/R/win-library/4.2","1.34.9",NA,"R (>= 4.0.0), methods, BiocGenerics (>= 0.37.0), S4Vectors (>=
0.25.12), IRanges (>= 2.13.12)","stats, stats4, utils, RCurl, GenomeInfoDbData",NA,"GenomicRanges, Rsamtools, GenomicAlignments, GenomicFeatures,
TxDb.Dmelanogaster.UCSC.dm3.ensGene, BSgenome,
BSgenome.Scerevisiae.UCSC.sacCer2, BSgenome.Celegans.UCSC.ce2,
BSgenome.Hsapiens.NCBI.GRCh38, RUnit, BiocStyle, knitr",NA,"Artistic-2.0",NA,NA,NA,NA,"no","4.2.2"
"GenomeInfoDbData","C:/Users/Usuari/AppData/Local/R/win-library/4.2","1.2.9",NA,"R (>= 3.5.0)",NA,NA,NA,NA,"Artistic-2.0",NA,NA,NA,NA,"no","4.2.2"
"GenomicAlignments","C:/Users/Usuari/AppData/Local/R/win-library/4.2","1.34.0",NA,"R (>= 4.0.0), methods, BiocGenerics (>= 0.37.0), S4Vectors (>=
0.27.12), IRanges (>= 2.23.9), GenomeInfoDb (>= 1.13.1),
GenomicRanges (>= 1.41.5), SummarizedExperiment (>= 1.9.13),
Biostrings (>= 2.55.7), Rsamtools (>= 1.31.2)","methods, utils, stats, BiocGenerics, S4Vectors, IRanges,
GenomicRanges, Biostrings, Rsamtools, BiocParallel","S4Vectors, IRanges","ShortRead, rtracklayer, BSgenome, GenomicFeatures,
RNAseqData.HNRNPC.bam.chr14, pasillaBamSubset,
TxDb.Hsapiens.UCSC.hg19.knownGene,
TxDb.Dmelanogaster.UCSC.dm3.ensGene,
BSgenome.Dmelanogaster.UCSC.dm3, BSgenome.Hsapiens.UCSC.hg19,
DESeq2, edgeR, RUnit, BiocStyle",NA,"Artistic-2.0",NA,NA,NA,NA,"yes","4.2.1"
"GenomicFeatures","C:/Users/Usuari/AppData/Local/R/win-library/4.2","1.50.4",NA,"R (>= 3.5.0), BiocGenerics (>= 0.1.0), S4Vectors (>= 0.17.29),
IRanges (>= 2.13.23), GenomeInfoDb (>= 1.34.7), GenomicRanges
(>= 1.31.17), AnnotationDbi (>= 1.41.4)","methods, utils, stats, tools, DBI, RSQLite (>= 2.0), RCurl,
XVector (>= 0.19.7), Biostrings (>= 2.47.6), BiocIO,
rtracklayer (>= 1.51.5), biomaRt (>= 2.17.1), Biobase (>=
2.15.1)",NA,"RMariaDB, org.Mm.eg.db, org.Hs.eg.db, BSgenome,
BSgenome.Hsapiens.UCSC.hg19 (>= 1.3.17),
BSgenome.Celegans.UCSC.ce11, BSgenome.Dmelanogaster.UCSC.dm3
(>= 1.3.17), mirbase.db, FDb.UCSC.tRNAs,
TxDb.Hsapiens.UCSC.hg19.knownGene,
TxDb.Celegans.UCSC.ce11.ensGene,
TxDb.Dmelanogaster.UCSC.dm3.ensGene (>= 2.7.1),
TxDb.Mmusculus.UCSC.mm10.knownGene (>= 3.4.7),
TxDb.Hsapiens.UCSC.hg19.lincRNAsTranscripts,
TxDb.Hsapiens.UCSC.hg38.knownGene (>= 3.4.6),
SNPlocs.Hsapiens.dbSNP144.GRCh38, Rsamtools, pasillaBamSubset
(>= 0.0.5), GenomicAlignments (>= 1.15.7), ensembldb,
AnnotationFilter, RUnit, BiocStyle, knitr, markdown",NA,"Artistic-2.0",NA,NA,NA,NA,"no","4.2.2"
"GenomicRanges","C:/Users/Usuari/AppData/Local/R/win-library/4.2","1.50.2",NA,"R (>= 4.0.0), methods, stats4, BiocGenerics (>= 0.37.0),
S4Vectors (>= 0.27.12), IRanges (>= 2.31.2), GenomeInfoDb (>=
1.15.2)","utils, stats, XVector (>= 0.29.2)","S4Vectors, IRanges","Matrix, Biobase, AnnotationDbi, annotate, Biostrings (>=
2.25.3), SummarizedExperiment (>= 0.1.5), Rsamtools (>=
1.13.53), GenomicAlignments, rtracklayer, BSgenome,
GenomicFeatures, Gviz, VariantAnnotation, AnnotationHub,
DESeq2, DEXSeq, edgeR, KEGGgraph, RNAseqData.HNRNPC.bam.chr14,
pasillaBamSubset, KEGGREST, hgu95av2.db, hgu95av2probe,
BSgenome.Scerevisiae.UCSC.sacCer2, BSgenome.Hsapiens.UCSC.hg19,
BSgenome.Mmusculus.UCSC.mm10,
TxDb.Athaliana.BioMart.plantsmart22,
TxDb.Dmelanogaster.UCSC.dm3.ensGene,
TxDb.Hsapiens.UCSC.hg19.knownGene,
TxDb.Mmusculus.UCSC.mm10.knownGene, RUnit, digest, knitr,
rmarkdown, BiocStyle",NA,"Artistic-2.0",NA,NA,NA,NA,"yes","4.2.2"
"gert","C:/Users/Usuari/AppData/Local/R/win-library/4.2","1.9.2",NA,NA,"askpass, credentials (>= 1.2.1), openssl (>= 2.0.3),
rstudioapi (>= 0.11), sys, zip (>= 2.1.0)",NA,"spelling, knitr, rmarkdown, testthat",NA,"MIT + file LICENSE",NA,NA,NA,NA,"yes","4.2.2"
"ggplot2","C:/Users/Usuari/AppData/Local/R/win-library/4.2","3.4.0",NA,"R (>= 3.3)","cli, glue, grDevices, grid, gtable (>= 0.1.1), isoband,
lifecycle (> 1.0.1), MASS, mgcv, rlang (>= 1.0.0), scales (>=
1.2.0), stats, tibble, vctrs (>= 0.5.0), withr (>= 2.5.0)",NA,"covr, dplyr, ggplot2movies, hexbin, Hmisc, knitr, lattice,
mapproj, maps, maptools, multcomp, munsell, nlme, profvis,
quantreg, ragg, RColorBrewer, rgeos, rmarkdown, rpart, sf (>=
0.7-3), svglite (>= 1.2.0.9001), testthat (>= 3.1.2), vdiffr
(>= 1.0.0), xml2","sp","MIT + file LICENSE",NA,NA,NA,NA,"no","4.2.2"
"ggrepel","C:/Users/Usuari/AppData/Local/R/win-library/4.2","0.9.2",NA,"R (>= 3.0.0), ggplot2 (>= 2.2.0)","grid, Rcpp, rlang (>= 0.3.0), scales (>= 0.5.0)","Rcpp","knitr, rmarkdown, testthat, svglite, vdiffr, gridExtra,
devtools, prettydoc, ggbeeswarm, dplyr, magrittr, readr,
stringr, withr",NA,"GPL-3 | file LICENSE",NA,NA,NA,NA,"yes","4.2.2"
"gh","C:/Users/Usuari/AppData/Local/R/win-library/4.2","1.3.1",NA,"R (>= 3.4)","cli (>= 3.0.1), gitcreds, httr (>= 1.2), ini, jsonlite",NA,"covr, knitr, mockery, rmarkdown, rprojroot, spelling,
testthat (>= 3.0.0), withr",NA,"MIT + file LICENSE",NA,NA,NA,NA,"no","4.2.2"
"gitcreds","C:/Users/Usuari/AppData/Local/R/win-library/4.2","0.1.2",NA,"R (>= 3.4)",NA,NA,"codetools, covr, knitr, mockery, oskeyring, rmarkdown,
testthat (>= 3.0.0), withr",NA,"MIT + file LICENSE",NA,NA,NA,NA,"no","4.2.2"
"glue","C:/Users/Usuari/AppData/Local/R/win-library/4.2","1.6.2",NA,"R (>= 3.4)","methods",NA,"covr, crayon, DBI, dplyr, forcats, ggplot2, knitr, magrittr,
microbenchmark, R.utils, rmarkdown, rprintf, RSQLite, stringr,
testthat (>= 3.0.0), vctrs (>= 0.3.0), waldo (>= 0.3.0), withr",NA,"MIT + file LICENSE",NA,NA,NA,NA,"yes","4.2.2"
"GO.db","C:/Users/Usuari/AppData/Local/R/win-library/4.2","3.16.0",NA,"R (>= 2.7.0), methods, AnnotationDbi (>= 1.59.1)",NA,NA,"DBI",NA,"Artistic-2.0",NA,NA,NA,NA,"no","4.2.2"
"googledrive","C:/Users/Usuari/AppData/Local/R/win-library/4.2","2.0.0",NA,"R (>= 3.3)","cli (>= 3.0.0), gargle (>= 1.2.0), glue (>= 1.4.2), httr,
jsonlite, lifecycle, magrittr, pillar, purrr (>= 0.2.3), rlang
(>= 0.4.9), tibble (>= 2.0.0), utils, uuid, vctrs (>= 0.3.0),
withr",NA,"covr, curl, downlit, dplyr (>= 1.0.0), knitr, mockr,
rmarkdown, roxygen2, sodium, spelling, testthat (>= 3.0.0)",NA,"MIT + file LICENSE",NA,NA,NA,NA,"no","4.2.2"
"googlesheets4","C:/Users/Usuari/AppData/Local/R/win-library/4.2","1.0.1",NA,"R (>= 3.4)","cellranger, cli (>= 3.0.0), curl, gargle (>= 1.2.0), glue (>=
1.3.0), googledrive (>= 2.0.0), httr, ids, magrittr, methods,
purrr, rematch2, rlang (>= 1.0.2), tibble (>= 2.1.1), utils,
vctrs (>= 0.2.3)",NA,"covr, readr, rmarkdown, sodium, spelling, testthat (>=
3.1.3), withr",NA,"MIT + file LICENSE",NA,NA,NA,NA,"no","4.2.2"
"GOstats","C:/Users/Usuari/AppData/Local/R/win-library/4.2","2.64.0",NA,"R (>= 2.10), Biobase (>= 1.15.29), Category (>= 2.43.2), graph","methods, stats, stats4, AnnotationDbi (>= 0.0.89), GO.db (>=
1.13.0), RBGL, annotate (>= 1.13.2), AnnotationForge, Rgraphviz",NA,"hgu95av2.db (>= 1.13.0), ALL, multtest, genefilter,
RColorBrewer, xtable, SparseM, GSEABase, geneplotter,
org.Hs.eg.db, RUnit, BiocGenerics",NA,"Artistic-2.0",NA,NA,NA,NA,"no","4.2.1"
"graph","C:/Users/Usuari/AppData/Local/R/win-library/4.2","1.76.0",NA,"R (>= 2.10), methods, BiocGenerics (>= 0.13.11)","stats, stats4, utils",NA,"SparseM (>= 0.36), XML, RBGL, RUnit, cluster, BiocStyle,
knitr","Rgraphviz","Artistic-2.0",NA,NA,NA,NA,"yes","4.2.1"
"gridExtra","C:/Users/Usuari/AppData/Local/R/win-library/4.2","2.3",NA,NA,"gtable, grid, grDevices, graphics, utils",NA,"ggplot2, egg, lattice, knitr, testthat",NA,"GPL (>= 2)",NA,NA,NA,NA,"no","4.2.2"
"GSEABase","C:/Users/Usuari/AppData/Local/R/win-library/4.2","1.60.0",NA,"R (>= 2.6.0), BiocGenerics (>= 0.13.8), Biobase (>= 2.17.8),
annotate (>= 1.45.3), methods, graph (>= 1.37.2)","AnnotationDbi, XML",NA,"hgu95av2.db, GO.db, org.Hs.eg.db, Rgraphviz, ReportingTools,
testthat, BiocStyle, knitr",NA,"Artistic-2.0",NA,NA,NA,NA,"no","4.2.1"
"gtable","C:/Users/Usuari/AppData/Local/R/win-library/4.2","0.3.1",NA,"R (>= 3.0)","grid",NA,"covr, testthat, knitr, rmarkdown, ggplot2, profvis",NA,"MIT + file LICENSE",NA,NA,NA,NA,"no","4.2.2"
"gwascat","C:/Users/Usuari/AppData/Local/R/win-library/4.2","2.30.0",NA,"R (>= 3.5.0), methods","S4Vectors (>= 0.9.25), IRanges, GenomeInfoDb, GenomicRanges
(>= 1.29.6), GenomicFeatures, readr, Biostrings, AnnotationDbi,
BiocFileCache, snpStats, VariantAnnotation, AnnotationHub",NA,"DO.db, DT, knitr, RBGL, testthat, rmarkdown, dplyr, Gviz,
Rsamtools, rtracklayer, graph, ggbio, DelayedArray,
TxDb.Hsapiens.UCSC.hg19.knownGene, org.Hs.eg.db, BiocStyle","SNPlocs.Hsapiens.dbSNP144.GRCh37","Artistic-2.0",NA,NA,NA,NA,"no","4.2.1"
"haplo.stats","C:/Users/Usuari/AppData/Local/R/win-library/4.2","1.9.3",NA,"R (>= 4.1.0), methods, stats, graphics, arsenal","rms",NA,"R.rsp, testthat",NA,"GPL (>= 2)",NA,NA,NA,NA,"yes","4.2.2"
"haven","C:/Users/Usuari/AppData/Local/R/win-library/4.2","2.5.1",NA,"R (>= 3.4)","cli (>= 3.0.0), forcats (>= 0.2.0), hms, lifecycle, methods,
readr (>= 0.1.0), rlang (>= 0.4.0), tibble, tidyselect, vctrs
(>= 0.3.0)","cpp11","covr, crayon, fs, knitr, pillar (>= 1.4.0), rmarkdown,
testthat (>= 3.0.0)",NA,"MIT + file LICENSE",NA,NA,NA,NA,"yes","4.2.2"
"highr","C:/Users/Usuari/AppData/Local/R/win-library/4.2","0.10",NA,"R (>= 3.3.0)","xfun (>= 0.18)",NA,"knitr, markdown, testit",NA,"GPL",NA,NA,NA,NA,"no","4.2.2"
"Hmisc","C:/Users/Usuari/AppData/Local/R/win-library/4.2","4.7-2",NA,"lattice, survival (>= 3.1-6), Formula, ggplot2 (>= 2.2)","methods, latticeExtra, cluster, rpart, nnet, foreign, gtable,
grid, gridExtra, data.table, htmlTable (>= 1.11.0), viridis,
htmltools, base64enc",NA,"acepack, chron, rms, mice, rstudioapi, tables, knitr, plotly
(>= 4.5.6), rlang, plyr, VGAM",NA,"GPL (>= 2)",NA,NA,NA,NA,"yes","4.2.2"
"hms","C:/Users/Usuari/AppData/Local/R/win-library/4.2","1.1.2",NA,NA,"ellipsis (>= 0.3.2), lifecycle, methods, pkgconfig, rlang,
vctrs (>= 0.3.8)",NA,"crayon, lubridate, pillar (>= 1.1.0), testthat (>= 3.0.0)",NA,"MIT + file LICENSE",NA,NA,NA,NA,"no","4.2.2"
"Homo.sapiens","C:/Users/Usuari/AppData/Local/R/win-library/4.2","1.3.1",NA,"R (>= 1.6), AnnotationDbi (>= 1.17.11), methods, OrganismDbi
(>= 1.11.39), GenomicFeatures, GO.db, org.Hs.eg.db,
TxDb.Hsapiens.UCSC.hg19.knownGene","GenomicFeatures, AnnotationDbi",NA,NA,NA,"Artistic-2.0",NA,NA,NA,NA,"no","4.2.2"
"htmlTable","C:/Users/Usuari/AppData/Local/R/win-library/4.2","2.4.1",NA,NA,"stringr, knitr (>= 1.6), magrittr (>= 1.5), methods,
checkmate, htmlwidgets, htmltools, rstudioapi (>= 0.6)",NA,"testthat, XML, xml2, Hmisc, reshape, rmarkdown, chron,
lubridate, tibble, purrr, tidyselect, glue, rlang, tidyr (>=
0.7.2), dplyr (>= 0.7.4)",NA,"GPL (>= 3)",NA,NA,NA,NA,"no","4.2.2"
"htmltools","C:/Users/Usuari/AppData/Local/R/win-library/4.2","0.5.4",NA,"R (>= 2.14.1)","utils, digest, grDevices, base64enc, rlang (>= 0.4.10),
fastmap (>= 1.1.0), ellipsis",NA,"markdown, testthat, withr, Cairo, ragg, shiny","knitr","GPL (>= 2)",NA,NA,NA,NA,"yes","4.2.2"
"htmlwidgets","C:/Users/Usuari/AppData/Local/R/win-library/4.2","1.6.1",NA,NA,"grDevices, htmltools (>= 0.5.4), jsonlite (>= 0.9.16), yaml,
knitr (>= 1.8), rmarkdown",NA,"testthat","shiny (>= 1.1)","MIT + file LICENSE",NA,NA,NA,NA,"no","4.2.2"
"httpuv","C:/Users/Usuari/AppData/Local/R/win-library/4.2","1.6.8",NA,"R (>= 2.15.1)","Rcpp (>= 1.0.7), utils, R6, promises, later (>= 0.8.0)","Rcpp, later","testthat, callr, curl, websocket",NA,"GPL (>= 2) | file LICENSE",NA,NA,NA,NA,"yes","4.2.2"
"httr","C:/Users/Usuari/AppData/Local/R/win-library/4.2","1.4.4",NA,"R (>= 3.2)","curl (>= 3.0.0), jsonlite, mime, openssl (>= 0.8), R6",NA,"covr, httpuv, jpeg, knitr, png, readr, rmarkdown, testthat
(>= 0.8.0), xml2",NA,"MIT + file LICENSE",NA,NA,NA,NA,"no","4.2.2"
"ids","C:/Users/Usuari/AppData/Local/R/win-library/4.2","1.0.1",NA,NA,"openssl, uuid",NA,"knitr, rcorpora, rmarkdown, testthat",NA,"MIT + file LICENSE",NA,NA,NA,NA,"no","4.2.2"
"ini","C:/Users/Usuari/AppData/Local/R/win-library/4.2","0.3.1",NA,NA,NA,NA,"testthat",NA,"GPL-3",NA,NA,NA,NA,"no","4.2.2"
"interactiveDisplayBase","C:/Users/Usuari/AppData/Local/R/win-library/4.2","1.36.0",NA,"R (>= 2.10), methods, BiocGenerics","shiny, DT",NA,"knitr, markdown","rstudioapi","Artistic-2.0",NA,NA,NA,NA,"no","4.2.1"
"interp","C:/Users/Usuari/AppData/Local/R/win-library/4.2","1.1-3",NA,"R (>= 3.5.0)","Rcpp (>= 0.12.9), deldir","Rcpp, RcppEigen","sp, Deriv, Ryacas, ggplot2, gridExtra, lattice, stringi,
stringr","RcppEigen","GPL (>= 2)",NA,NA,NA,NA,"yes","4.2.2"
"IRanges","C:/Users/Usuari/AppData/Local/R/win-library/4.2","2.32.0",NA,"R (>= 4.0.0), methods, utils, stats, BiocGenerics (>= 0.39.2),
S4Vectors (>= 0.33.3)","stats4","S4Vectors","XVector, GenomicRanges, Rsamtools, GenomicAlignments,
GenomicFeatures, BSgenome.Celegans.UCSC.ce2, pasillaBamSubset,
RUnit, BiocStyle",NA,"Artistic-2.0",NA,NA,NA,NA,"yes","4.2.1"
"isoband","C:/Users/Usuari/AppData/Local/R/win-library/4.2","0.2.7",NA,NA,"grid, utils",NA,"covr, ggplot2, knitr, magick, microbenchmark, rmarkdown, sf,
testthat, xml2",NA,"MIT + file LICENSE",NA,NA,NA,NA,"yes","4.2.2"
"jpeg","C:/Users/Usuari/AppData/Local/R/win-library/4.2","0.1-10",NA,"R (>= 2.9.0)",NA,NA,NA,NA,"GPL-2 | GPL-3",NA,NA,NA,NA,"yes","4.2.2"
"jquerylib","C:/Users/Usuari/AppData/Local/R/win-library/4.2","0.1.4",NA,NA,"htmltools",NA,"testthat",NA,"MIT + file LICENSE",NA,NA,NA,NA,"no","4.2.2"
"jsonlite","C:/Users/Usuari/AppData/Local/R/win-library/4.2","1.8.4",NA,"methods",NA,NA,"httr, vctrs, testthat, knitr, rmarkdown, R.rsp, sf",NA,"MIT + file LICENSE",NA,NA,NA,NA,"yes","4.2.2"
"KEGGREST","C:/Users/Usuari/AppData/Local/R/win-library/4.2","1.38.0",NA,"R (>= 3.5.0)","methods, httr, png, Biostrings",NA,"RUnit, BiocGenerics, knitr, markdown",NA,"Artistic-2.0",NA,NA,NA,NA,"no","4.2.1"
"knitr","C:/Users/Usuari/AppData/Local/R/win-library/4.2","1.42",NA,"R (>= 3.3.0)","evaluate (>= 0.15), highr, methods, yaml (>= 2.1.19), xfun (>=
0.34), tools",NA,"markdown (>= 1.3), formatR, testit, digest, rgl (>=
0.95.1201), codetools, rmarkdown, htmlwidgets (>= 0.7),
webshot, tikzDevice (>= 0.10), tinytex, reticulate (>= 1.4),
JuliaCall (>= 0.11.1), magick, png, jpeg, gifski, xml2 (>=
1.2.0), httr, DBI (>= 0.4-1), showtext, tibble, sass, bslib,
ragg, gridSVG, styler (>= 1.2.0), targets (>= 0.6.0)",NA,"GPL",NA,NA,NA,NA,"no","4.2.2"
"labeling","C:/Users/Usuari/AppData/Local/R/win-library/4.2","0.4.2",NA,NA,"stats, graphics",NA,NA,NA,"MIT + file LICENSE | Unlimited",NA,NA,NA,NA,"no","4.2.0"
"lambda.r","C:/Users/Usuari/AppData/Local/R/win-library/4.2","1.2.4",NA,"R (>= 3.0.0)","formatR",NA,"testit",NA,"LGPL-3",NA,NA,NA,NA,"no","4.2.2"
"later","C:/Users/Usuari/AppData/Local/R/win-library/4.2","1.3.0",NA,NA,"Rcpp (>= 0.12.9), rlang","Rcpp","knitr, rmarkdown, testthat (>= 2.1.0)",NA,"MIT + file LICENSE",NA,NA,NA,NA,"yes","4.2.2"
"latticeExtra","C:/Users/Usuari/AppData/Local/R/win-library/4.2","0.6-30",NA,"R (>= 3.6.0), lattice","grid, stats, utils, grDevices, png, jpeg, RColorBrewer,
interp, MASS",NA,"maps, mapproj, deldir, quantreg, zoo, mgcv",NA,"GPL (>= 2)",NA,NA,NA,NA,"no","4.2.2"
"lazyeval","C:/Users/Usuari/AppData/Local/R/win-library/4.2","0.2.2",NA,"R (>= 3.1.0)",NA,NA,"knitr, rmarkdown (>= 0.2.65), testthat, covr",NA,"GPL-3",NA,NA,NA,NA,"yes","4.2.2"
"lifecycle","C:/Users/Usuari/AppData/Local/R/win-library/4.2","1.0.3",NA,"R (>= 3.4)","cli (>= 3.4.0), glue, rlang (>= 1.0.6)",NA,"covr, crayon, knitr, lintr, rmarkdown, testthat (>= 3.0.1),
tibble, tidyverse, tools, vctrs, withr",NA,"MIT + file LICENSE",NA,NA,NA,NA,"no","4.2.2"
"liftOver","C:/Users/Usuari/AppData/Local/R/win-library/4.2","1.22.0",NA,"R (>= 3.3.0), gwascat, GenomicRanges, rtracklayer,
Homo.sapiens, BiocGenerics",NA,NA,"knitr, rmarkdown, BiocStyle",NA,"Artistic-2.0",NA,NA,NA,NA,"no","4.2.2"
"limma","C:/Users/Usuari/AppData/Local/R/win-library/4.2","3.54.1",NA,"R (>= 3.6.0)","grDevices, graphics, stats, utils, methods",NA,"affy, AnnotationDbi, BiasedUrn, Biobase, ellipse, GO.db,
gplots, illuminaio, locfit, MASS, org.Hs.eg.db, splines,
statmod (>= 1.2.2), vsn",NA,"GPL (>=2)",NA,NA,NA,NA,"yes","4.2.2"
"locfit","C:/Users/Usuari/AppData/Local/R/win-library/4.2","1.5-9.7",NA,"R (>= 4.1.0)","lattice",NA,"interp, gam",NA,"GPL (>= 2)",NA,NA,NA,NA,"yes","4.2.2"
"lubridate","C:/Users/Usuari/AppData/Local/R/win-library/4.2","1.9.1",NA,"methods, R (>= 3.2)","generics, timechange (>= 0.1.1)",NA,"covr, knitr, rmarkdown, testthat (>= 2.1.0), vctrs (>= 0.5.0)","chron, data.table, timeDate, tis, zoo","GPL (>= 2)",NA,NA,NA,NA,"yes","4.2.2"
"magrittr","C:/Users/Usuari/AppData/Local/R/win-library/4.2","2.0.3",NA,"R (>= 3.4.0)",NA,NA,"covr, knitr, rlang, rmarkdown, testthat",NA,"MIT + file LICENSE",NA,NA,NA,NA,"yes","4.2.2"
"MatrixGenerics","C:/Users/Usuari/AppData/Local/R/win-library/4.2","1.10.0",NA,"matrixStats (>= 0.60.1)","methods",NA,"sparseMatrixStats, DelayedMatrixStats, SummarizedExperiment,
testthat (>= 2.1.0), Matrix",NA,"Artistic-2.0",NA,NA,NA,NA,"no","4.2.1"
"MatrixModels","C:/Users/Usuari/AppData/Local/R/win-library/4.2","0.5-1",NA,"R (>= 3.6.0)","stats, methods, Matrix (>= 1.4-2)",NA,NA,NA,"GPL (>= 2)",NA,NA,NA,NA,"no","4.2.2"
"matrixStats","C:/Users/Usuari/AppData/Local/R/win-library/4.2","0.63.0",NA,"R (>= 2.12.0)",NA,NA,"base64enc, ggplot2, knitr, markdown, microbenchmark,
R.devices, R.rsp",NA,"Artistic-2.0",NA,NA,NA,NA,"yes","4.2.2"
"mclust","C:/Users/Usuari/AppData/Local/R/win-library/4.2","6.0.0",NA,"R (>= 3.0)","stats, utils, graphics, grDevices",NA,"knitr (>= 1.12), rmarkdown (>= 0.9), mix (>= 1.0), geometry
(>= 0.3-6), MASS",NA,"GPL (>= 2)",NA,NA,NA,NA,"yes","4.2.2"
"memoise","C:/Users/Usuari/AppData/Local/R/win-library/4.2","2.0.1",NA,NA,"rlang (>= 0.4.10), cachem",NA,"digest, aws.s3, covr, googleAuthR, googleCloudStorageR, httr,
testthat",NA,"MIT + file LICENSE",NA,NA,NA,NA,"no","4.2.2"
"mime","C:/Users/Usuari/AppData/Local/R/win-library/4.2","0.12",NA,NA,"tools",NA,NA,NA,"GPL",NA,NA,NA,NA,"yes","4.2.0"
"miniUI","C:/Users/Usuari/AppData/Local/R/win-library/4.2","0.1.1.1",NA,NA,"shiny (>= 0.13), htmltools (>= 0.3), utils",NA,NA,NA,"GPL-3",NA,NA,NA,NA,"no","4.2.2"
"modelr","C:/Users/Usuari/AppData/Local/R/win-library/4.2","0.1.10",NA,"R (>= 3.2)","broom, magrittr, purrr (>= 0.2.2), rlang (>= 1.0.6), tibble,
tidyr (>= 0.8.0), tidyselect, vctrs",NA,"compiler, covr, ggplot2, testthat (>= 3.0.0)",NA,"GPL-3",NA,NA,NA,NA,"no","4.2.2"
"multcomp","C:/Users/Usuari/AppData/Local/R/win-library/4.2","1.4-22",NA,"stats, graphics, mvtnorm (>= 1.0-10), survival (>= 2.39-4),
TH.data (>= 1.0-2)","sandwich (>= 2.3-0), codetools",NA,"lme4 (>= 0.999375-16), nlme, robustbase, coin, MASS, foreign,
xtable, lmtest, coxme (>= 2.2-1), SimComp, ISwR, tram (>=
0.2-5), fixest (>= 0.10), glmmTMB",NA,"GPL-2",NA,NA,NA,NA,"no","4.2.2"
"munsell","C:/Users/Usuari/AppData/Local/R/win-library/4.2","0.5.0",NA,NA,"colorspace, methods",NA,"ggplot2, testthat",NA,"MIT + file LICENSE",NA,NA,NA,NA,"no","4.2.2"
"mvtnorm","C:/Users/Usuari/AppData/Local/R/win-library/4.2","1.1-3",NA,"R(>= 3.5.0)","stats, methods",NA,NA,NA,"GPL-2",NA,NA,NA,NA,"yes","4.2.0"
"nor1mix","C:/Users/Usuari/AppData/Local/R/win-library/4.2","1.3-0",NA,NA,"stats, graphics",NA,"cluster",NA,"GPL (>= 2)",NA,NA,NA,NA,"no","4.2.2"
"openssl","C:/Users/Usuari/AppData/Local/R/win-library/4.2","2.0.5",NA,NA,"askpass",NA,"curl, testthat (>= 2.1.0), digest, knitr, rmarkdown,
jsonlite, jose, sodium",NA,"MIT + file LICENSE",NA,NA,NA,NA,"yes","4.2.2"
"org.Hs.eg.db","C:/Users/Usuari/AppData/Local/R/win-library/4.2","3.16.0",NA,"R (>= 2.7.0), methods, AnnotationDbi (>= 1.59.1)",NA,NA,"DBI, annotate, RUnit",NA,"Artistic-2.0",NA,NA,NA,NA,"no","4.2.2"
"OrganismDbi","C:/Users/Usuari/AppData/Local/R/win-library/4.2","1.40.0",NA,"R (>= 2.14.0), methods, BiocGenerics (>= 0.15.10),
AnnotationDbi (>= 1.33.15), GenomicFeatures (>= 1.39.4)","Biobase, BiocManager, GenomicRanges (>= 1.31.13), graph,
IRanges, RBGL, DBI, S4Vectors (>= 0.9.25), stats",NA,"Homo.sapiens, Rattus.norvegicus, BSgenome.Hsapiens.UCSC.hg19,
AnnotationHub, FDb.UCSC.tRNAs, mirbase.db, rtracklayer,
biomaRt, RUnit, RMariaDB",NA,"Artistic-2.0",NA,NA,NA,NA,"no","4.2.1"
"pillar","C:/Users/Usuari/AppData/Local/R/win-library/4.2","1.8.1",NA,NA,"cli (>= 2.3.0), fansi, glue, lifecycle, rlang (>= 1.0.2), utf8
(>= 1.1.0), utils, vctrs (>= 0.3.8)",NA,"bit64, debugme, DiagrammeR, dplyr, formattable, ggplot2,
knitr, lubridate, nanotime, nycflights13, palmerpenguins,
rmarkdown, scales, stringi, survival, testthat (>= 3.1.1),
tibble, units (>= 0.7.2), vdiffr, withr",NA,"MIT + file LICENSE",NA,NA,NA,NA,"no","4.2.2"
"pkgbuild","C:/Users/Usuari/AppData/Local/R/win-library/4.2","1.4.0",NA,"R (>= 3.4)","callr (>= 3.2.0), cli (>= 3.4.0), crayon, desc, prettyunits,
processx, R6, rprojroot, withr (>= 2.3.0)",NA,"covr, cpp11, knitr, mockery, Rcpp, rmarkdown, testthat (>=
3.0.0)",NA,"MIT + file LICENSE",NA,NA,NA,NA,"no","4.2.2"
"pkgconfig","C:/Users/Usuari/AppData/Local/R/win-library/4.2","2.0.3",NA,NA,"utils",NA,"covr, testthat, disposables (>= 1.0.3)",NA,"MIT + file LICENSE",NA,NA,NA,NA,"no","4.2.2"
"pkgdown","C:/Users/Usuari/AppData/Local/R/win-library/4.2","2.0.7",NA,"R (>= 3.1.0)","bslib (>= 0.3.1), callr (>= 3.7.3), cli, desc, digest, downlit
(>= 0.4.0), fs (>= 1.4.0), httr (>= 1.4.2), jsonlite, magrittr,
memoise, purrr, ragg, rlang (>= 1.0.0), rmarkdown (>=
1.1.9007), tibble, whisker, withr (>= 2.4.3), xml2 (>= 1.3.1),
yaml",NA,"covr, diffviewer, evaluate, htmltools, htmlwidgets, knitr,
lifecycle, methods, openssl, pkgload (>= 1.0.2), rsconnect,
rstudioapi, rticles, sass, testthat (>= 3.1.3), tools",NA,"MIT + file LICENSE",NA,NA,NA,NA,"no","4.2.2"
"pkgload","C:/Users/Usuari/AppData/Local/R/win-library/4.2","1.3.2",NA,"R (>= 3.4.0)","cli (>= 3.3.0), crayon, desc, fs, glue, methods, rlang (>=
1.0.3), rprojroot, utils, withr (>= 2.4.3)",NA,"bitops, covr, mathjaxr, mockr, pak, pkgbuild, Rcpp, remotes,
rstudioapi, testthat (>= 3.1.0)",NA,"GPL-3",NA,NA,NA,NA,"no","4.2.2"
"plogr","C:/Users/Usuari/AppData/Local/R/win-library/4.2","0.2.0",NA,NA,NA,NA,"Rcpp",NA,"MIT + file LICENSE",NA,NA,NA,NA,"no","4.2.2"
"plyr","C:/Users/Usuari/AppData/Local/R/win-library/4.2","1.8.8",NA,"R (>= 3.1.0)","Rcpp (>= 0.11.0)","Rcpp","abind, covr, doParallel, foreach, iterators, itertools,
tcltk, testthat",NA,"MIT + file LICENSE",NA,NA,NA,NA,"yes","4.2.2"
"png","C:/Users/Usuari/AppData/Local/R/win-library/4.2","0.1-8",NA,"R (>= 2.9.0)",NA,NA,NA,NA,"GPL-2 | GPL-3",NA,NA,NA,NA,"yes","4.2.2"
"poisbinom","C:/Users/Usuari/AppData/Local/R/win-library/4.2","1.0.1",NA,NA,"Rcpp (>= 0.12.10)","Rcpp",NA,NA,"GPL (>= 2)",NA,NA,NA,NA,"yes","4.2.2"
"polspline","C:/Users/Usuari/AppData/Local/R/win-library/4.2","1.1.22",NA,NA,"stats, graphics",NA,NA,NA,"GPL (>= 2)",NA,NA,NA,NA,"yes","4.2.2"
"praise","C:/Users/Usuari/AppData/Local/R/win-library/4.2","1.0.0",NA,NA,NA,NA,"testthat",NA,"MIT + file LICENSE",NA,NA,NA,NA,"no","4.2.2"
"preprocessCore","C:/Users/Usuari/AppData/Local/R/win-library/4.2","1.60.2",NA,NA,"stats",NA,NA,NA,"LGPL (>= 2)",NA,NA,NA,NA,"yes","4.2.2"
"prettyunits","C:/Users/Usuari/AppData/Local/R/win-library/4.2","1.1.1",NA,NA,NA,NA,"codetools, covr, testthat",NA,"MIT + file LICENSE",NA,NA,NA,NA,"no","4.2.2"
"processx","C:/Users/Usuari/AppData/Local/R/win-library/4.2","3.8.0",NA,"R (>= 3.4.0)","ps (>= 1.2.0), R6, utils",NA,"callr (>= 3.7.0), cli (>= 3.3.0), codetools, covr, curl,
debugme, parallel, rlang (>= 1.0.2), testthat (>= 3.0.0), withr",NA,"MIT + file LICENSE",NA,NA,NA,NA,"yes","4.2.2"
"profvis","C:/Users/Usuari/AppData/Local/R/win-library/4.2","0.3.7",NA,"R (>= 3.0)","htmlwidgets (>= 0.3.2), stringr",NA,"knitr, ggplot2, rmarkdown, testthat, devtools, shiny,
htmltools",NA,"GPL-3 | file LICENSE",NA,NA,NA,NA,"yes","4.2.2"
"progress","C:/Users/Usuari/AppData/Local/R/win-library/4.2","1.2.2",NA,NA,"hms, prettyunits, R6, crayon",NA,"Rcpp, testthat, withr",NA,"MIT + file LICENSE",NA,NA,NA,NA,"no","4.2.2"
"promises","C:/Users/Usuari/AppData/Local/R/win-library/4.2","1.2.0.1",NA,NA,"R6, Rcpp, later, rlang, stats, magrittr","later, Rcpp","testthat, future (>= 1.21.0), fastmap (>= 1.1.0), purrr,
knitr, rmarkdown, vembedr, spelling",NA,"MIT + file LICENSE",NA,NA,NA,NA,"yes","4.2.2"
"ps","C:/Users/Usuari/AppData/Local/R/win-library/4.2","1.7.2",NA,"R (>= 3.4)","utils",NA,"callr, covr, curl, pillar, pingr, processx (>= 3.1.0), R6,
rlang, testthat (>= 3.0.0),",NA,"MIT + file LICENSE",NA,NA,NA,NA,"yes","4.2.2"
"purrr","C:/Users/Usuari/AppData/Local/R/win-library/4.2","1.0.1",NA,"R (>= 3.4.0)","cli (>= 3.4.0), lifecycle (>= 1.0.3), magrittr (>= 1.5.0),
rlang (>= 0.4.10), vctrs (>= 0.5.0)","cli","covr, dplyr (>= 0.7.8), httr, knitr, lubridate, rmarkdown,
testthat (>= 3.0.0), tibble, tidyselect",NA,"MIT + file LICENSE",NA,NA,NA,NA,"yes","4.2.2"
"quantreg","C:/Users/Usuari/AppData/Local/R/win-library/4.2","5.94",NA,"R (>= 3.5), stats, SparseM","methods, graphics, Matrix, MatrixModels, survival, MASS",NA,"tripack, interp, rgl, logspline, nor1mix, Formula, zoo,
R.rsp, conquer",NA,"GPL (>= 2)",NA,NA,NA,NA,"yes","4.2.2"
"R6","C:/Users/Usuari/AppData/Local/R/win-library/4.2","2.5.1",NA,"R (>= 3.0)",NA,NA,"testthat, pryr",NA,"MIT + file LICENSE",NA,NA,NA,NA,"no","4.2.2"
"ragg","C:/Users/Usuari/AppData/Local/R/win-library/4.2","1.2.5",NA,NA,"systemfonts (>= 1.0.3), textshaping (>= 0.3.0)","systemfonts, textshaping","covr, graphics, grid, testthat",NA,"MIT + file LICENSE",NA,NA,NA,NA,"yes","4.2.2"
"rappdirs","C:/Users/Usuari/AppData/Local/R/win-library/4.2","0.3.3",NA,"R (>= 3.2)",NA,NA,"roxygen2, testthat (>= 3.0.0), covr, withr",NA,"MIT + file LICENSE",NA,NA,NA,NA,"yes","4.2.2"
"RBGL","C:/Users/Usuari/AppData/Local/R/win-library/4.2","1.74.0",NA,"graph, methods","methods","BH","Rgraphviz, XML, RUnit, BiocGenerics",NA,"Artistic-2.0",NA,NA,NA,NA,"yes","4.2.1"
"rcmdcheck","C:/Users/Usuari/AppData/Local/R/win-library/4.2","1.4.0",NA,NA,"callr (>= 3.1.1.9000), cli (>= 3.0.0), curl, desc (>= 1.2.0),
digest, pkgbuild, prettyunits, R6, rprojroot, sessioninfo (>=
1.1.1), utils, withr, xopen",NA,"covr, knitr, mockery, processx, ps, rmarkdown, svglite,
testthat, webfakes",NA,"MIT + file LICENSE",NA,NA,NA,NA,"no","4.2.2"
"RColorBrewer","C:/Users/Usuari/AppData/Local/R/win-library/4.2","1.1-3",NA,"R (>= 2.0.0)",NA,NA,NA,NA,"Apache License 2.0",NA,NA,NA,NA,"no","4.2.0"
"Rcpp","C:/Users/Usuari/AppData/Local/R/win-library/4.2","1.0.10",NA,NA,"methods, utils",NA,"tinytest, inline, rbenchmark, pkgKitten (>= 0.1.2)",NA,"GPL (>= 2)",NA,NA,NA,NA,"yes","4.2.2"
"RcppArmadillo","C:/Users/Usuari/AppData/Local/R/win-library/4.2","0.11.4.3.1",NA,"R (>= 3.3.0)","Rcpp (>= 0.11.0), stats, utils, methods","Rcpp","tinytest, Matrix (>= 1.3.0), pkgKitten, reticulate, slam",NA,"GPL (>= 2)",NA,NA,NA,NA,"yes","4.2.2"
"RcppEigen","C:/Users/Usuari/AppData/Local/R/win-library/4.2","0.3.3.9.3",NA,"R (>= 3.6.0)","Matrix (>= 1.1-0), Rcpp (>= 0.11.0), stats, utils","Rcpp","inline, tinytest, pkgKitten, microbenchmark",NA,"GPL (>= 2) | file LICENSE",NA,NA,NA,NA,"yes","4.2.2"
"RCurl","C:/Users/Usuari/AppData/Local/R/win-library/4.2","1.98-1.10",NA,"R (>= 3.4.0), methods","bitops",NA,"XML",NA,"BSD_3_clause + file LICENSE",NA,NA,NA,NA,"yes","4.2.2"
"readr","C:/Users/Usuari/AppData/Local/R/win-library/4.2","2.1.3",NA,"R (>= 3.4)","cli (>= 3.2.0), clipr, crayon, hms (>= 0.4.1), lifecycle (>=
0.2.0), methods, R6, rlang, tibble, utils, vroom (>= 1.6.0)","cpp11, tzdb (>= 0.1.1)","covr, curl, datasets, knitr, rmarkdown, spelling, stringi,
testthat (>= 3.1.2), tzdb (>= 0.1.1), waldo, withr, xml2",NA,"MIT + file LICENSE",NA,NA,NA,NA,"yes","4.2.2"
"readxl","C:/Users/Usuari/AppData/Local/R/win-library/4.2","1.4.1",NA,"R (>= 3.4)","cellranger, tibble (>= 2.0.1), utils","cpp11 (>= 0.4.0), progress","knitr, rmarkdown, testthat (>= 3.0.0)",NA,"MIT + file LICENSE",NA,NA,NA,NA,"yes","4.2.2"
"rematch","C:/Users/Usuari/AppData/Local/R/win-library/4.2","1.0.1",NA,NA,NA,NA,"covr, testthat",NA,"MIT + file LICENSE",NA,NA,NA,NA,"no","4.2.2"
"rematch2","C:/Users/Usuari/AppData/Local/R/win-library/4.2","2.1.2",NA,NA,"tibble",NA,"covr, testthat",NA,"MIT + file LICENSE",NA,NA,NA,NA,"no","4.2.2"
"remotes","C:/Users/Usuari/AppData/Local/R/win-library/4.2","2.4.2",NA,"R (>= 3.0.0)","methods, stats, tools, utils",NA,"brew, callr, codetools, curl, covr, git2r (>= 0.23.0), knitr,
mockery, pkgbuild (>= 1.0.1), pingr, rmarkdown, rprojroot,
testthat, webfakes, withr",NA,"MIT + file LICENSE",NA,NA,NA,NA,"no","4.2.2"
"reprex","C:/Users/Usuari/AppData/Local/R/win-library/4.2","2.0.2",NA,"R (>= 3.4)","callr (>= 3.6.0), cli (>= 3.2.0), clipr (>= 0.4.0), fs, glue,
knitr (>= 1.23), lifecycle, rlang (>= 1.0.0), rmarkdown,
rstudioapi, utils, withr (>= 2.3.0)",NA,"covr, fortunes, miniUI, mockr, rprojroot, sessioninfo, shiny,
spelling, styler (>= 1.2.0), testthat (>= 3.0.2)",NA,"MIT + file LICENSE",NA,NA,NA,NA,"no","4.2.2"
"restfulr","C:/Users/Usuari/AppData/Local/R/win-library/4.2","0.0.15",NA,"R (>= 3.4.0), methods","XML, RCurl, rjson, S4Vectors (>= 0.13.15), yaml",NA,"getPass, rsolr, RUnit",NA,"Artistic-2.0",NA,NA,NA,NA,"yes","4.2.2"
"Rgraphviz","C:/Users/Usuari/AppData/Local/R/win-library/4.2","2.42.0",NA,"R (>= 2.6.0), methods, utils, graph, grid","stats4, graphics, grDevices",NA,"RUnit, BiocGenerics, XML",NA,"EPL",NA,NA,NA,NA,"yes","4.2.1"
"Rhtslib","C:/Users/Usuari/AppData/Local/R/win-library/4.2","2.0.0",NA,NA,"zlibbioc","zlibbioc","knitr, rmarkdown, BiocStyle",NA,"LGPL (>= 2)",NA,NA,NA,NA,"yes","4.2.1"
"rjson","C:/Users/Usuari/AppData/Local/R/win-library/4.2","0.2.21",NA,"R (>= 4.0.0)",NA,NA,NA,NA,"GPL-2",NA,NA,NA,NA,"yes","4.2.0"
"rlang","C:/Users/Usuari/AppData/Local/R/win-library/4.2","1.0.6",NA,"R (>= 3.4.0)","utils",NA,"cli (>= 3.1.0), covr, crayon, fs, glue, knitr, magrittr,
methods, pillar, rmarkdown, stats, testthat (>= 3.0.0), tibble,
usethis, vctrs (>= 0.2.3), withr","winch","MIT + file LICENSE",NA,NA,NA,NA,"yes","4.2.2"
"rmarkdown","C:/Users/Usuari/AppData/Local/R/win-library/4.2","2.20",NA,"R (>= 3.0)","bslib (>= 0.2.5.1), evaluate (>= 0.13), htmltools (>= 0.5.1),
jquerylib, jsonlite, knitr (>= 1.22), methods, stringr (>=
1.2.0), tinytex (>= 0.31), tools, utils, xfun (>= 0.36), yaml
(>= 2.1.19)",NA,"digest, dygraphs, fs, rsconnect, downlit (>= 0.4.0), katex
(>= 1.4.0), sass (>= 0.4.0), shiny (>= 1.6.0), testthat (>=
3.0.3), tibble, vctrs, withr (>= 2.4.2)",NA,"GPL-3",NA,NA,NA,NA,"no","4.2.2"
"rms","C:/Users/Usuari/AppData/Local/R/win-library/4.2","6.4-1",NA,"R (>= 3.5.0), Hmisc (>= 4.7-0), survival (>= 3.1-12), lattice,
ggplot2 (>= 2.2), SparseM","methods, quantreg, rpart, nlme (>= 3.1-123), polspline,
multcomp, htmlTable (>= 1.11.0), htmltools, MASS, cluster,
digest",NA,"boot, tcltk, plotly (>= 4.5.6), knitr, mice, rmsb, nnet, VGAM",NA,"GPL (>= 2)",NA,NA,NA,NA,"yes","4.2.2"
"roxygen2","C:/Users/Usuari/AppData/Local/R/win-library/4.2","7.2.3",NA,"R (>= 3.3)","brew, cli (>= 3.3.0), commonmark, desc (>= 1.2.0), knitr,
methods, pkgload (>= 1.0.2), purrr (>= 0.3.3), R6 (>= 2.1.2),
rlang (>= 1.0.6), stringi, stringr (>= 1.0.0), utils, withr,
xml2","cpp11","covr, R.methodsS3, R.oo, rmarkdown (>= 2.16), testthat (>=
3.1.2), yaml",NA,"MIT + file LICENSE",NA,NA,NA,NA,"yes","4.2.2"
"rprojroot","C:/Users/Usuari/AppData/Local/R/win-library/4.2","2.0.3",NA,"R (>= 3.0.0)",NA,NA,"covr, knitr, lifecycle, mockr, rmarkdown, testthat (>=
3.0.0), withr",NA,"MIT + file LICENSE",NA,NA,NA,NA,"no","4.2.2"
"Rsamtools","C:/Users/Usuari/AppData/Local/R/win-library/4.2","2.14.0",NA,"methods, GenomeInfoDb (>= 1.1.3), GenomicRanges (>= 1.31.8),
Biostrings (>= 2.47.6), R (>= 3.5.0)","utils, BiocGenerics (>= 0.25.1), S4Vectors (>= 0.17.25),
IRanges (>= 2.13.12), XVector (>= 0.19.7), zlibbioc, bitops,
BiocParallel, stats","Rhtslib (>= 1.99.3), S4Vectors, IRanges, XVector, Biostrings","GenomicAlignments, ShortRead (>= 1.19.10), GenomicFeatures,
TxDb.Dmelanogaster.UCSC.dm3.ensGene,
TxDb.Hsapiens.UCSC.hg18.knownGene, RNAseqData.HNRNPC.bam.chr14,
BSgenome.Hsapiens.UCSC.hg19, RUnit, BiocStyle",NA,"Artistic-2.0 | file LICENSE",NA,NA,NA,NA,"yes","4.2.1"
"RSQLite","C:/Users/Usuari/AppData/Local/R/win-library/4.2","2.2.20",NA,"R (>= 3.1.0)","bit64, blob (>= 1.2.0), DBI (>= 1.1.0), memoise, methods,
pkgconfig, Rcpp (>= 1.0.7)","plogr (>= 0.2.0), Rcpp","callr, DBItest (>= 1.7.2.9001), gert, gh, hms, knitr,
magrittr, rmarkdown, rvest, testthat (>= 3.0.0), withr, xml2",NA,"LGPL (>= 2.1)",NA,NA,NA,NA,"yes","4.2.2"
"rstudioapi","C:/Users/Usuari/AppData/Local/R/win-library/4.2","0.14",NA,NA,NA,NA,"testthat, knitr, rmarkdown, clipr, covr",NA,"MIT + file LICENSE",NA,NA,NA,NA,"no","4.2.2"
"rtracklayer","C:/Users/Usuari/AppData/Local/R/win-library/4.2","1.58.0",NA,"R (>= 3.5.0), methods, GenomicRanges (>= 1.37.2)","XML (>= 1.98-0), BiocGenerics (>= 0.35.3), S4Vectors (>=
0.23.18), IRanges (>= 2.13.13), XVector (>= 0.19.7),
GenomeInfoDb (>= 1.15.2), Biostrings (>= 2.47.6), zlibbioc,
RCurl (>= 1.4-2), Rsamtools (>= 1.31.2), GenomicAlignments (>=
1.15.6), BiocIO, tools, restfulr (>= 0.0.13)","S4Vectors, IRanges, XVector","BSgenome (>= 1.33.4), humanStemCell, microRNA (>= 1.1.1),
genefilter, limma, org.Hs.eg.db, hgu133plus2.db,
GenomicFeatures, BSgenome.Hsapiens.UCSC.hg19,
TxDb.Hsapiens.UCSC.hg19.knownGene, RUnit",NA,"Artistic-2.0 + file LICENSE",NA,NA,NA,NA,"yes","4.2.1"
"rversions","C:/Users/Usuari/AppData/Local/R/win-library/4.2","2.1.2",NA,NA,"curl, utils, xml2 (>= 1.0.0)",NA,"covr, mockery, testthat",NA,"MIT + file LICENSE",NA,NA,NA,NA,"no","4.2.2"
"rvest","C:/Users/Usuari/AppData/Local/R/win-library/4.2","1.0.3",NA,"R (>= 3.2)","glue, cli, httr (>= 0.5), lifecycle (>= 1.0.0), magrittr,
rlang (>= 1.0.0), selectr, tibble, xml2 (>= 1.3), withr",NA,"covr, knitr, readr, repurrrsive, rmarkdown, spelling, stringi
(>= 0.3.1), testthat (>= 3.0.2), webfakes",NA,"MIT + file LICENSE",NA,NA,NA,NA,"no","4.2.2"
"S4Vectors","C:/Users/Usuari/AppData/Local/R/win-library/4.2","0.36.1",NA,"R (>= 4.0.0), methods, utils, stats, stats4, BiocGenerics (>=
0.37.0)",NA,NA,"IRanges, GenomicRanges, SummarizedExperiment, Matrix,
DelayedArray, ShortRead, graph, data.table, RUnit, BiocStyle",NA,"Artistic-2.0",NA,NA,NA,NA,"yes","4.2.2"
"sandwich","C:/Users/Usuari/AppData/Local/R/win-library/4.2","3.0-2",NA,"R (>= 3.0.0)","stats, utils, zoo",NA,"AER, car, geepack, lattice, lme4, lmtest, MASS, multiwayvcov,
parallel, pcse, plm, pscl, scatterplot3d, stats4, strucchange,
survival",NA,"GPL-2 | GPL-3",NA,NA,NA,NA,"no","4.2.2"
"sass","C:/Users/Usuari/AppData/Local/R/win-library/4.2","0.4.5",NA,NA,"fs, rlang (>= 0.4.10), htmltools (>= 0.5.1), R6, rappdirs",NA,"testthat, knitr, rmarkdown, withr, shiny, curl",NA,"MIT + file LICENSE",NA,NA,NA,NA,"yes","4.2.2"
"scales","C:/Users/Usuari/AppData/Local/R/win-library/4.2","1.2.1",NA,"R (>= 3.2)","farver (>= 2.0.3), labeling, lifecycle, munsell (>= 0.5), R6,
RColorBrewer, rlang (>= 1.0.0), viridisLite",NA,"bit64, covr, dichromat, ggplot2, hms (>= 0.5.0), stringi,
testthat (>= 3.0.0), waldo (>= 0.4.0)",NA,"MIT + file LICENSE",NA,NA,NA,NA,"no","4.2.2"
"selectr","C:/Users/Usuari/AppData/Local/R/win-library/4.2","0.4-2",NA,"R (>= 3.0)","methods, stringr, R6",NA,"testthat, XML, xml2",NA,"BSD_3_clause + file LICENCE",NA,NA,NA,NA,"no","4.2.2"
"sessioninfo","C:/Users/Usuari/AppData/Local/R/win-library/4.2","1.2.2",NA,"R (>= 2.10)","cli (>= 3.1.0), tools, utils",NA,"callr, covr, mockery, reticulate, rmarkdown, testthat, withr",NA,"GPL-2",NA,NA,NA,NA,"no","4.2.2"
"shiny","C:/Users/Usuari/AppData/Local/R/win-library/4.2","1.7.4",NA,"R (>= 3.0.2), methods","utils, grDevices, httpuv (>= 1.5.2), mime (>= 0.3), jsonlite
(>= 0.9.16), xtable, fontawesome (>= 0.4.0), htmltools (>=
0.5.4), R6 (>= 2.0), sourcetools, later (>= 1.0.0), promises
(>= 1.1.0), tools, crayon, rlang (>= 0.4.10), fastmap (>=
1.1.0), withr, commonmark (>= 1.7), glue (>= 1.3.2), bslib (>=
0.3.0), cachem, ellipsis, lifecycle (>= 0.2.0)",NA,"datasets, Cairo (>= 1.5-5), testthat (>= 3.0.0), knitr (>=
1.6), markdown, rmarkdown, ggplot2, reactlog (>= 1.0.0),
magrittr, yaml, future, dygraphs, ragg, showtext, sass",NA,"GPL-3 | file LICENSE",NA,NA,NA,NA,"no","4.2.2"
"snow","C:/Users/Usuari/AppData/Local/R/win-library/4.2","0.4-4",NA,"R (>= 2.13.1), utils",NA,NA,"rlecuyer","Rmpi","GPL",NA,NA,NA,NA,"no","4.2.0"
"SNPassoc","C:/Users/Usuari/AppData/Local/R/win-library/4.2","2.1-0",NA,"R (>= 4.0.0)","haplo.stats, mvtnorm, parallel, survival, tidyr, plyr,
ggplot2, poisbinom",NA,"testthat, knitr, rmarkdown, biomaRt, VariantAnnotation,
GenomicRanges, IRanges, S4Vectors, org.Hs.eg.db,
TxDb.Hsapiens.UCSC.hg19.knownGene, BiocStyle",NA,"GPL (>= 2)",NA,NA,NA,NA,"no","4.2.2"
"SNPRelate","C:/Users/Usuari/AppData/Local/R/win-library/4.2","1.32.2",NA,"R (>= 2.15), gdsfmt (>= 1.8.3)","methods","gdsfmt","parallel, Matrix, RUnit, knitr, markdown, rmarkdown, MASS,
BiocGenerics","SeqArray (>= 1.12.0)","GPL-3",NA,NA,NA,NA,"yes","4.2.2"
"snpStats","C:/Users/Usuari/AppData/Local/R/win-library/4.2","1.48.0",NA,"R(>= 2.10.0), survival, Matrix, methods","graphics, grDevices, stats, utils, BiocGenerics, zlibbioc",NA,"hexbin",NA,"GPL-3",NA,NA,NA,NA,"yes","4.2.1"
"sourcetools","C:/Users/Usuari/AppData/Local/R/win-library/4.2","0.1.7",NA,"R (>= 3.0.2)",NA,NA,"testthat",NA,"MIT + file LICENSE",NA,NA,NA,NA,"yes","4.2.2"
"SparseM","C:/Users/Usuari/AppData/Local/R/win-library/4.2","1.81",NA,"R (>= 2.15), methods","graphics, stats, utils",NA,NA,NA,"GPL (>= 2)",NA,NA,NA,NA,"yes","4.2.0"
"stringi","C:/Users/Usuari/AppData/Local/R/win-library/4.2","1.7.12",NA,"R (>= 3.1)","tools, utils, stats",NA,NA,NA,"file LICENSE","yes",NA,NA,NA,"yes","4.2.2"
"stringr","C:/Users/Usuari/AppData/Local/R/win-library/4.2","1.5.0",NA,"R (>= 3.3)","cli, glue (>= 1.6.1), lifecycle (>= 1.0.3), magrittr, rlang
(>= 1.0.0), stringi (>= 1.5.3), vctrs",NA,"covr, htmltools, htmlwidgets, knitr, rmarkdown, testthat (>=
3.0.0)",NA,"MIT + file LICENSE",NA,NA,NA,NA,"no","4.2.2"
"SummarizedExperiment","C:/Users/Usuari/AppData/Local/R/win-library/4.2","1.28.0",NA,"R (>= 4.0.0), methods, MatrixGenerics (>= 1.1.3),
GenomicRanges (>= 1.41.5), Biobase","utils, stats, tools, Matrix, BiocGenerics (>= 0.37.0),
S4Vectors (>= 0.33.7), IRanges (>= 2.23.9), GenomeInfoDb (>=
1.13.1), DelayedArray (>= 0.15.10)",NA,"HDF5Array (>= 1.7.5), annotate, AnnotationDbi, hgu95av2.db,
GenomicFeatures, TxDb.Hsapiens.UCSC.hg19.knownGene, jsonlite,
rhdf5, airway (>= 1.15.1), BiocStyle, knitr, rmarkdown, RUnit,
testthat, digest",NA,"Artistic-2.0",NA,NA,NA,NA,"no","4.2.1"
"sys","C:/Users/Usuari/AppData/Local/R/win-library/4.2","3.4.1",NA,NA,NA,NA,"unix (>= 1.4), spelling, testthat",NA,"MIT + file LICENSE",NA,NA,NA,NA,"yes","4.2.2"
"systemfonts","C:/Users/Usuari/AppData/Local/R/win-library/4.2","1.0.4",NA,"R (>= 3.2.0)",NA,"cpp11 (>= 0.2.1)","testthat (>= 2.1.0), covr, knitr, rmarkdown, tools",NA,"MIT + file LICENSE",NA,NA,NA,NA,"yes","4.2.2"
"testthat","C:/Users/Usuari/AppData/Local/R/win-library/4.2","3.1.6",NA,"R (>= 3.1)","brio, callr (>= 3.5.1), cli (>= 3.4.0), desc, digest, ellipsis
(>= 0.2.0), evaluate, jsonlite, lifecycle, magrittr, methods,
pkgload, praise, processx, ps (>= 1.3.4), R6 (>= 2.2.0), rlang
(>= 1.0.1), utils, waldo (>= 0.4.0), withr (>= 2.4.3)",NA,"covr, curl (>= 0.9.5), diffviewer (>= 0.1.0), knitr, mockery,
rmarkdown, rstudioapi, shiny, usethis, vctrs (>= 0.1.0), xml2",NA,"MIT + file LICENSE",NA,NA,NA,NA,"yes","4.2.2"
"textshaping","C:/Users/Usuari/AppData/Local/R/win-library/4.2","0.3.6",NA,"R (>= 3.2.0)","systemfonts (>= 1.0.0)","cpp11 (>= 0.2.1), systemfonts (>= 1.0.0)","covr, knitr, rmarkdown",NA,"MIT + file LICENSE",NA,NA,NA,NA,"yes","4.2.2"
"TH.data","C:/Users/Usuari/AppData/Local/R/win-library/4.2","1.1-1",NA,"R (>= 3.5.0), survival, MASS",NA,NA,"dplyr, gdata, plyr, trtf, tram, rms, coin, ATR, multcomp,
gridExtra, vcd, colorspace, lattice, knitr",NA,"GPL-3",NA,NA,NA,NA,"no","4.2.2"
"tibble","C:/Users/Usuari/AppData/Local/R/win-library/4.2","3.1.8",NA,"R (>= 3.1.0)","fansi (>= 0.4.0), lifecycle (>= 1.0.0), magrittr, methods,
pillar (>= 1.7.0), pkgconfig, rlang (>= 1.0.2), utils, vctrs
(>= 0.3.8)",NA,"bench, bit64, blob, brio, callr, cli, covr, crayon (>=
1.3.4), DiagrammeR, dplyr, evaluate, formattable, ggplot2, hms,
htmltools, knitr, lubridate, mockr, nycflights13, pkgbuild,
pkgload, purrr, rmarkdown, stringi, testthat (>= 3.0.2), tidyr,
withr",NA,"MIT + file LICENSE",NA,NA,NA,NA,"yes","4.2.2"
"tidyr","C:/Users/Usuari/AppData/Local/R/win-library/4.2","1.2.1",NA,"R (>= 3.1)","dplyr (>= 1.0.0), ellipsis (>= 0.1.0), glue, lifecycle,
magrittr, purrr, rlang, tibble (>= 2.1.1), tidyselect (>=
1.1.0), utils, vctrs (>= 0.3.7)","cpp11 (>= 0.4.0)","covr, data.table, jsonlite, knitr, readr, repurrrsive (>=
1.0.0), rmarkdown, testthat (>= 3.0.0)",NA,"MIT + file LICENSE",NA,NA,NA,NA,"yes","4.2.2"
"tidyselect","C:/Users/Usuari/AppData/Local/R/win-library/4.2","1.2.0",NA,"R (>= 3.4)","cli (>= 3.3.0), glue (>= 1.3.0), lifecycle (>= 1.0.3), rlang
(>= 1.0.4), vctrs (>= 0.4.1), withr",NA,"covr, crayon, dplyr, knitr, magrittr, rmarkdown, stringr,
testthat (>= 3.1.1), tibble (>= 2.1.3)",NA,"MIT + file LICENSE",NA,NA,NA,NA,"no","4.2.2"
"tidyverse","C:/Users/Usuari/AppData/Local/R/win-library/4.2","1.3.2",NA,"R (>= 3.3)","broom (>= 0.7.10), cli (>= 3.1.0), crayon (>= 1.4.2), dbplyr
(>= 2.1.1), dplyr (>= 1.0.7), dtplyr (>= 1.2.0), forcats (>=
0.5.1), ggplot2 (>= 3.3.5), googledrive (>= 2.0.0),
googlesheets4 (>= 1.0.0), haven (>= 2.4.3), hms (>= 1.1.1),
httr (>= 1.4.2), jsonlite (>= 1.7.2), lubridate (>= 1.8.0),
magrittr (>= 2.0.1), modelr (>= 0.1.8), pillar (>= 1.6.4),
purrr (>= 0.3.4), readr (>= 2.1.1), readxl (>= 1.3.1), reprex
(>= 2.0.1), rlang (>= 0.4.12), rstudioapi (>= 0.13), rvest (>=
1.0.2), stringr (>= 1.4.0), tibble (>= 3.1.6), tidyr (>=
1.1.4), xml2 (>= 1.3.3)",NA,"covr, feather, glue, knitr, rmarkdown, testthat",NA,"MIT + file LICENSE",NA,NA,NA,NA,"no","4.2.2"
"timechange","C:/Users/Usuari/AppData/Local/R/win-library/4.2","0.2.0",NA,"R (>= 3.3)",NA,"cpp11 (>= 0.2.7)","testthat (>= 0.7.1.99), knitr",NA,"GPL-3",NA,NA,NA,NA,"yes","4.2.2"
"tinytex","C:/Users/Usuari/AppData/Local/R/win-library/4.2","0.44",NA,NA,"xfun (>= 0.29)",NA,"testit, rstudioapi",NA,"MIT + file LICENSE",NA,NA,NA,NA,"no","4.2.2"
"tweeDEseq","C:/Users/Usuari/AppData/Local/R/win-library/4.2","1.44.0",NA,"R (>= 2.12.0)","MASS, limma, edgeR, parallel, cqn",NA,"tweeDEseqCountData, xtable",NA,"GPL (>= 2)",NA,NA,NA,NA,"yes","4.2.1"
"tweeDEseqCountData","C:/Users/Usuari/AppData/Local/R/win-library/4.2","1.36.0",NA,"Biobase, R (>= 2.10)",NA,NA,NA,NA,"GPL (>=2)",NA,NA,NA,NA,"no","4.2.2"
"TxDb.Hsapiens.UCSC.hg19.knownGene","C:/Users/Usuari/AppData/Local/R/win-library/4.2","3.2.2",NA,"GenomicFeatures (>= 1.21.30)","AnnotationDbi",NA,NA,NA,"Artistic-2.0",NA,NA,NA,NA,"no","4.2.2"
"tzdb","C:/Users/Usuari/AppData/Local/R/win-library/4.2","0.3.0",NA,"R (>= 3.4.0)",NA,"cpp11 (>= 0.4.2)","covr, testthat (>= 3.0.0)",NA,"MIT + file LICENSE",NA,NA,NA,NA,"yes","4.2.2"
"urlchecker","C:/Users/Usuari/AppData/Local/R/win-library/4.2","1.0.1",NA,"R (>= 3.3)","cli, curl, tools, xml2",NA,"covr",NA,"GPL-3",NA,NA,NA,NA,"no","4.2.2"
"usethis","C:/Users/Usuari/AppData/Local/R/win-library/4.2","2.1.6",NA,"R (>= 3.4)","cli (>= 3.0.1), clipr (>= 0.3.0), crayon, curl (>= 2.7), desc
(>= 1.4.0), fs (>= 1.3.0), gert (>= 1.4.1), gh (>= 1.2.1), glue
(>= 1.3.0), jsonlite, lifecycle (>= 1.0.0), purrr, rappdirs,
rlang (>= 1.0.0), rprojroot (>= 1.2), rstudioapi, stats, utils,
whisker, withr (>= 2.3.0), yaml",NA,"covr, knitr, magick, mockr, pkgload, rmarkdown, roxygen2 (>=
7.1.2), spelling (>= 1.2), styler (>= 1.2.0), testthat (>=
3.1.0)",NA,"MIT + file LICENSE",NA,NA,NA,NA,"no","4.2.2"
"utf8","C:/Users/Usuari/AppData/Local/R/win-library/4.2","1.2.2",NA,"R (>= 2.10)",NA,NA,"cli, covr, knitr, rlang, rmarkdown, testthat (>= 3.0.0),
withr",NA,"Apache License (== 2.0) | file LICENSE",NA,NA,NA,NA,"yes","4.2.2"
"uuid","C:/Users/Usuari/AppData/Local/R/win-library/4.2","1.1-0",NA,"R (>= 2.9.0)",NA,NA,NA,NA,"MIT + file LICENSE",NA,NA,NA,NA,"yes","4.2.0"
"VariantAnnotation","C:/Users/Usuari/AppData/Local/R/win-library/4.2","1.44.0",NA,"R (>= 4.0.0), methods, BiocGenerics (>= 0.37.0),
MatrixGenerics, GenomeInfoDb (>= 1.15.2), GenomicRanges (>=
1.41.5), SummarizedExperiment (>= 1.19.5), Rsamtools (>=
1.99.0)","utils, DBI, zlibbioc, Biobase, S4Vectors (>= 0.27.12), IRanges
(>= 2.23.9), XVector (>= 0.29.2), Biostrings (>= 2.57.2),
AnnotationDbi (>= 1.27.9), rtracklayer (>= 1.39.7), BSgenome
(>= 1.47.3), GenomicFeatures (>= 1.31.3)","S4Vectors, IRanges, XVector, Biostrings, Rhtslib (>= 1.99.3)","RUnit, AnnotationHub, BSgenome.Hsapiens.UCSC.hg19,
TxDb.Hsapiens.UCSC.hg19.knownGene,
SNPlocs.Hsapiens.dbSNP144.GRCh37, SIFT.Hsapiens.dbSNP132,
SIFT.Hsapiens.dbSNP137, PolyPhen.Hsapiens.dbSNP131, snpStats,
ggplot2, BiocStyle",NA,"Artistic-2.0",NA,NA,NA,NA,"yes","4.2.1"
"vctrs","C:/Users/Usuari/AppData/Local/R/win-library/4.2","0.5.1",NA,"R (>= 3.3)","cli (>= 3.4.0), glue, lifecycle (>= 1.0.3), rlang (>= 1.0.6)",NA,"bit64, covr, crayon, dplyr (>= 0.8.5), generics, knitr,
pillar (>= 1.4.4), pkgdown (>= 2.0.1), rmarkdown, testthat (>=
3.0.0), tibble (>= 3.1.3), withr, xml2, waldo (>= 0.2.0),
zeallot",NA,"MIT + file LICENSE",NA,NA,NA,NA,"yes","4.2.2"
"viridis","C:/Users/Usuari/AppData/Local/R/win-library/4.2","0.6.2",NA,"R (>= 2.10), viridisLite (>= 0.4.0)","stats, ggplot2 (>= 1.0.1), gridExtra",NA,"hexbin (>= 1.27.0), scales, MASS, knitr, dichromat,
colorspace, raster, rasterVis, httr, mapproj, vdiffr, svglite
(>= 1.2.0), testthat, covr, rmarkdown, rgdal, maps",NA,"MIT + file LICENSE",NA,NA,NA,NA,"no","4.2.2"
"viridisLite","C:/Users/Usuari/AppData/Local/R/win-library/4.2","0.4.1",NA,"R (>= 2.10)",NA,NA,"hexbin (>= 1.27.0), ggplot2 (>= 1.0.1), testthat, covr",NA,"MIT + file LICENSE",NA,NA,NA,NA,"no","4.2.2"
"vroom","C:/Users/Usuari/AppData/Local/R/win-library/4.2","1.6.1",NA,"R (>= 3.4)","bit64, cli (>= 3.2.0), crayon, glue, hms, lifecycle (>=
1.0.3), methods, rlang (>= 0.4.2), stats, tibble (>= 2.0.0),
tidyselect, tzdb (>= 0.1.1), vctrs (>= 0.2.0), withr","cpp11 (>= 0.2.0), progress (>= 1.2.1), tzdb (>= 0.1.1)","archive, bench (>= 1.1.0), covr, curl, dplyr, forcats, fs,
ggplot2, knitr, patchwork, prettyunits, purrr, rmarkdown,
rstudioapi, scales, spelling, testthat (>= 2.1.0), tidyr,
utils, waldo, xml2",NA,"MIT + file LICENSE",NA,NA,NA,NA,"yes","4.2.2"
"waldo","C:/Users/Usuari/AppData/Local/R/win-library/4.2","0.4.0",NA,NA,"cli, diffobj (>= 0.3.4), fansi, glue, methods, rematch2, rlang
(>= 1.0.0), tibble",NA,"covr, R6, testthat (>= 3.0.0), withr, xml2",NA,"MIT + file LICENSE",NA,NA,NA,NA,"no","4.2.2"
"whisker","C:/Users/Usuari/AppData/Local/R/win-library/4.2","0.4.1",NA,NA,NA,NA,"markdown",NA,"GPL-3",NA,NA,NA,NA,"no","4.2.2"
"withr","C:/Users/Usuari/AppData/Local/R/win-library/4.2","2.5.0",NA,"R (>= 3.2.0)","graphics, grDevices, stats",NA,"callr, covr, DBI, knitr, lattice, methods, rlang, rmarkdown
(>= 2.12), RSQLite, testthat (>= 3.0.0)",NA,"MIT + file LICENSE",NA,NA,NA,NA,"no","4.2.2"
"xfun","C:/Users/Usuari/AppData/Local/R/win-library/4.2","0.36",NA,NA,"stats, tools",NA,"testit, parallel, codetools, rstudioapi, tinytex (>= 0.30),
mime, markdown, knitr, htmltools, remotes, pak, rhub, renv,
curl, jsonlite, magick, rmarkdown",NA,"MIT + file LICENSE",NA,NA,NA,NA,"yes","4.2.2"
"XML","C:/Users/Usuari/AppData/Local/R/win-library/4.2","3.99-0.13",NA,"R (>= 4.0.0), methods, utils",NA,NA,"bitops, RCurl",NA,"BSD_3_clause + file LICENSE",NA,NA,NA,NA,"yes","4.2.2"
"xml2","C:/Users/Usuari/AppData/Local/R/win-library/4.2","1.3.3",NA,"R (>= 3.1.0)","methods",NA,"covr, curl, httr, knitr, magrittr, mockery, rmarkdown,
testthat (>= 2.1.0)",NA,"MIT + file LICENSE",NA,NA,NA,NA,"yes","4.2.2"
"xopen","C:/Users/Usuari/AppData/Local/R/win-library/4.2","1.0.0",NA,"R (>= 3.1)","processx",NA,"ps, testthat",NA,"MIT + file LICENSE",NA,NA,NA,NA,"no","4.2.2"
"xtable","C:/Users/Usuari/AppData/Local/R/win-library/4.2","1.8-4",NA,"R (>= 2.10.0)","stats, utils",NA,"knitr, plm, zoo, survival",NA,"GPL (>= 2)",NA,NA,NA,NA,"no","4.2.2"
"XVector","C:/Users/Usuari/AppData/Local/R/win-library/4.2","0.38.0",NA,"R (>= 4.0.0), methods, BiocGenerics (>= 0.37.0), S4Vectors (>=
0.27.12), IRanges (>= 2.23.9)","methods, utils, tools, zlibbioc, BiocGenerics, S4Vectors,
IRanges","S4Vectors, IRanges","Biostrings, drosophila2probe, RUnit",NA,"Artistic-2.0",NA,NA,NA,NA,"yes","4.2.1"
"yaml","C:/Users/Usuari/AppData/Local/R/win-library/4.2","2.3.7",NA,NA,NA,NA,"RUnit",NA,"BSD_3_clause + file LICENSE",NA,NA,NA,NA,"yes","4.2.2"
"zip","C:/Users/Usuari/AppData/Local/R/win-library/4.2","2.2.2",NA,NA,NA,NA,"covr, processx, R6, testthat, withr",NA,"MIT + file LICENSE",NA,NA,NA,NA,"yes","4.2.2"
"zlibbioc","C:/Users/Usuari/AppData/Local/R/win-library/4.2","1.44.0",NA,NA,NA,NA,NA,NA,"Artistic-2.0 + file LICENSE",NA,NA,NA,NA,"yes","4.2.1"
"zoo","C:/Users/Usuari/AppData/Local/R/win-library/4.2","1.8-11",NA,"R (>= 3.1.0), stats","utils, graphics, grDevices, lattice (>= 0.20-27)",NA,"AER, coda, chron, ggplot2 (>= 3.0.0), mondate, scales,
stinepack, strucchange, timeDate, timeSeries, tis, tseries, xts",NA,"GPL-2 | GPL-3",NA,NA,NA,NA,"yes","4.2.2"
"base","C:/Program Files/R/R-4.2.2/library","4.2.2","base",NA,NA,NA,"methods",NA,"Part of R 4.2.2",NA,NA,NA,NA,NA,"4.2.2"
"boot","C:/Program Files/R/R-4.2.2/library","1.3-28","recommended","R (>= 3.0.0), graphics, stats",NA,NA,"MASS, survival",NA,"Unlimited",NA,NA,NA,NA,"no","4.2.2"
"class","C:/Program Files/R/R-4.2.2/library","7.3-20","recommended","R (>= 3.0.0), stats, utils","MASS",NA,NA,NA,"GPL-2 | GPL-3",NA,NA,NA,NA,"yes","4.2.2"
"cluster","C:/Program Files/R/R-4.2.2/library","2.1.4","recommended","R (>= 3.5.0)","graphics, grDevices, stats, utils",NA,"MASS, Matrix",NA,"GPL (>= 2)",NA,NA,NA,NA,"yes","4.2.2"
"codetools","C:/Program Files/R/R-4.2.2/library","0.2-18","recommended","R (>= 2.1)",NA,NA,NA,NA,"GPL",NA,NA,NA,NA,"no","4.2.2"
"compiler","C:/Program Files/R/R-4.2.2/library","4.2.2","base",NA,NA,NA,NA,NA,"Part of R 4.2.2",NA,NA,NA,NA,NA,"4.2.2"
"datasets","C:/Program Files/R/R-4.2.2/library","4.2.2","base",NA,NA,NA,NA,NA,"Part of R 4.2.2",NA,NA,NA,NA,NA,"4.2.2"
"foreign","C:/Program Files/R/R-4.2.2/library","0.8-83","recommended","R (>= 4.0.0)","methods, utils, stats",NA,NA,NA,"GPL (>= 2)",NA,NA,NA,NA,"yes","4.2.2"
"graphics","C:/Program Files/R/R-4.2.2/library","4.2.2","base",NA,"grDevices",NA,NA,NA,"Part of R 4.2.2",NA,NA,NA,NA,"yes","4.2.2"
"grDevices","C:/Program Files/R/R-4.2.2/library","4.2.2","base",NA,NA,NA,"KernSmooth",NA,"Part of R 4.2.2",NA,NA,NA,NA,"yes","4.2.2"
"grid","C:/Program Files/R/R-4.2.2/library","4.2.2","base",NA,"grDevices, utils",NA,NA,NA,"Part of R 4.2.2",NA,NA,NA,NA,"yes","4.2.2"
"KernSmooth","C:/Program Files/R/R-4.2.2/library","2.23-20","recommended","R (>= 2.5.0), stats",NA,NA,"MASS, carData",NA,"Unlimited",NA,NA,NA,NA,"yes","4.2.2"
"lattice","C:/Program Files/R/R-4.2.2/library","0.20-45","recommended","R (>= 3.0.0)","grid, grDevices, graphics, stats, utils",NA,"KernSmooth, MASS, latticeExtra","chron","GPL (>= 2)",NA,NA,NA,NA,"yes","4.2.2"
"MASS","C:/Program Files/R/R-4.2.2/library","7.3-58.1","recommended","R (>= 3.3.0), grDevices, graphics, stats, utils","methods",NA,"lattice, nlme, nnet, survival",NA,"GPL-2 | GPL-3",NA,NA,NA,NA,"yes","4.2.2"
"Matrix","C:/Program Files/R/R-4.2.2/library","1.5-1","recommended","R (>= 3.5.0)","methods, graphics, grid, stats, utils, lattice",NA,"expm, MASS","MatrixModels, graph, SparseM, sfsmisc, igraph, maptools, sp,
spdep","GPL (>= 2) | file LICENCE",NA,NA,NA,NA,"yes","4.2.2"
"methods","C:/Program Files/R/R-4.2.2/library","4.2.2","base",NA,"utils, stats",NA,"codetools",NA,"Part of R 4.2.2",NA,NA,NA,NA,"yes","4.2.2"
"mgcv","C:/Program Files/R/R-4.2.2/library","1.8-41","recommended","R (>= 3.6.0), nlme (>= 3.1-64)","methods, stats, graphics, Matrix, splines, utils",NA,"parallel, survival, MASS",NA,"GPL (>= 2)",NA,NA,NA,NA,"yes","4.2.2"
"nlme","C:/Program Files/R/R-4.2.2/library","3.1-160","recommended","R (>= 3.5.0)","graphics, stats, utils, lattice",NA,"Hmisc, MASS, SASmixed",NA,"GPL (>= 2)",NA,NA,NA,NA,"yes","4.2.2"
"nnet","C:/Program Files/R/R-4.2.2/library","7.3-18","recommended","R (>= 3.0.0), stats, utils",NA,NA,"MASS",NA,"GPL-2 | GPL-3",NA,NA,NA,NA,"yes","4.2.2"
"parallel","C:/Program Files/R/R-4.2.2/library","4.2.2","base",NA,"tools, compiler",NA,"methods","snow, nws, Rmpi","Part of R 4.2.2",NA,NA,NA,NA,"yes","4.2.2"
"rpart","C:/Program Files/R/R-4.2.2/library","4.1.19","recommended","R (>= 2.15.0), graphics, stats, grDevices",NA,NA,"survival",NA,"GPL-2 | GPL-3",NA,NA,NA,NA,"yes","4.2.2"
"spatial","C:/Program Files/R/R-4.2.2/library","7.3-15","recommended","R (>= 3.0.0), graphics, stats, utils",NA,NA,"MASS",NA,"GPL-2 | GPL-3",NA,NA,NA,NA,"yes","4.2.2"
"splines","C:/Program Files/R/R-4.2.2/library","4.2.2","base",NA,"graphics, stats",NA,"Matrix, methods",NA,"Part of R 4.2.2",NA,NA,NA,NA,"yes","4.2.2"
"stats","C:/Program Files/R/R-4.2.2/library","4.2.2","base",NA,"utils, grDevices, graphics",NA,"MASS, Matrix, SuppDists, methods, stats4",NA,"Part of R 4.2.2",NA,NA,NA,NA,"yes","4.2.2"
"stats4","C:/Program Files/R/R-4.2.2/library","4.2.2","base",NA,"graphics, methods, stats",NA,NA,NA,"Part of R 4.2.2",NA,NA,NA,NA,NA,"4.2.2"
"survival","C:/Program Files/R/R-4.2.2/library","3.4-0","recommended","R (>= 3.5.0)","graphics, Matrix, methods, splines, stats, utils",NA,NA,NA,"LGPL (>= 2)",NA,NA,NA,NA,"yes","4.2.2"
"tcltk","C:/Program Files/R/R-4.2.2/library","4.2.2","base",NA,"utils",NA,NA,NA,"Part of R 4.2.2",NA,NA,NA,NA,"yes","4.2.2"
"tools","C:/Program Files/R/R-4.2.2/library","4.2.2","base",NA,NA,NA,"codetools, methods, xml2, curl, commonmark, knitr, xfun,
mathjaxr",NA,"Part of R 4.2.2",NA,NA,NA,NA,"yes","4.2.2"
"translations","C:/Program Files/R/R-4.2.2/library","4.2.2",NA,NA,NA,NA,NA,NA,"Part of R 4.2.2",NA,NA,NA,NA,NA,"4.2.2"
"utils","C:/Program Files/R/R-4.2.2/library","4.2.2","base",NA,NA,NA,"methods, xml2, commonmark, knitr",NA,"Part of R 4.2.2",NA,NA,NA,NA,"yes","4.2.2"
